Name,state,summit_elev,vertical_drop,trams,fastEight,fastSixes,fastQuads,quad,triple,double,surface,total_chairs,Runs,TerrainParks,LongestRun_mi,SkiableTerrain_ac,Snow Making_ac,daysOpenLastYear,yearsOpen,averageSnowfall,AdultWeekday,AdultWeekend,projectedDaysOpen,NightSkiing_ac,cluster
Hilltop Ski Area,Alaska,2090,294,0,0.0,0,0,0,1,0,2,3,13.0,1.0,1.0,30.0,30.0,150.0,36.0,69.0,30.0,34.0,152.0,30.0,1
Arizona Snowbowl,Arizona,11500,2300,0,0.0,1,0,2,2,1,2,8,55.0,4.0,2.0,777.0,104.0,122.0,81.0,260.0,89.0,89.0,122.0,0.0,2
Sunrise Park Resort,Arizona,11100,1800,0,0.0,0,1,2,3,1,0,7,65.0,2.0,1.2,800.0,80.0,115.0,49.0,250.0,74.0,78.0,104.0,80.0,2
Yosemite Ski & Snowboard Area,California,7800,600,0,0.0,0,0,0,1,3,1,5,10.0,2.0,0.4,88.0,174.87323943661968,110.0,84.0,300.0,47.0,47.0,107.0,0.0,2
Bear Valley,California,8500,1900,0,0.0,1,1,0,2,4,2,10,67.0,2.0,1.2,1680.0,100.0,165.0,52.0,359.0,57.91695652173913,64.16681003584229,151.0,0.0,2
Boreal Mountain Resort,California,7700,500,0,0.0,0,1,1,3,1,2,8,33.0,6.0,1.0,380.0,200.0,150.0,54.0,400.0,49.0,64.16681003584229,150.0,200.0,2
Dodge Ridge,California,8200,1600,0,0.0,0,0,1,2,5,4,12,67.0,5.0,2.0,862.0,174.87323943661968,151.57894736842104,69.0,350.0,78.0,78.0,140.0,0.0,2
Donner Ski Ranch,California,8012,750,0,0.0,0,0,0,1,5,2,8,52.0,2.0,1.5,505.0,60.0,163.0,82.0,400.0,75.0,75.0,170.0,0.0,2
June Mountain,California,10090,2590,0,0.0,0,2,0,0,4,1,7,41.0,2.0,2.0,1500.0,174.87323943661968,151.57894736842104,58.0,250.0,57.91695652173913,64.16681003584229,128.0,0.0,2
Mt. Shasta Ski Park,California,6890,1435,0,0.0,0,0,0,3,0,1,4,32.0,2.0,1.1,425.0,225.0,140.0,34.0,300.0,49.0,59.0,130.0,0.0,2
Mountain High,California,8200,1600,0,0.0,0,2,2,2,5,3,14,59.0,1.0,1.6,290.0,275.0,118.0,95.0,108.0,84.0,84.0,150.0,73.0,2
Sierra-at-Tahoe,California,8852,2212,0,0.0,0,3,0,1,5,5,14,46.0,6.0,2.5,2000.0,200.0,160.0,73.0,460.0,99.0,64.16681003584229,144.0,0.0,2
Ski China Peak,California,8709,1679,0,0.0,0,0,1,4,2,4,11,45.0,1.0,2.2,1400.0,150.0,140.0,62.0,300.0,83.0,83.0,144.0,0.0,2
Snow Summit,California,8200,1200,0,0.0,0,2,0,4,5,5,16,27.0,6.0,1.2,240.0,240.0,151.57894736842104,67.0,100.0,57.91695652173913,64.16681003584229,130.0,150.0,2
Snow Valley,California,7841,1041,0,0.0,0,0,0,5,6,1,12,28.0,6.0,1.2,240.0,188.0,111.0,82.0,160.0,69.0,79.0,143.0,164.0,2
Soda Springs,California,7352,652,0,0.0,0,0,0,1,1,2,4,18.0,2.8207885304659497,0.4,200.0,20.0,150.0,83.0,400.0,50.0,50.0,144.0,0.0,2
Sugar Bowl Resort,California,8383,1500,1,0.0,0,5,3,1,0,2,12,105.0,3.0,3.0,1650.0,375.0,151.0,80.0,500.0,125.0,125.0,150.0,0.0,2
Tahoe Donner,California,7350,600,0,0.0,0,0,1,1,0,3,5,14.0,2.0,1.0,120.0,174.87323943661968,150.0,48.0,400.0,69.0,69.0,144.0,0.0,2
Purgatory,Colorado,10822,2029,0,0.0,1,2,0,3,3,3,12,101.0,9.0,1.3,1605.0,250.0,130.0,54.0,260.0,89.0,89.0,130.0,0.0,2
Monarch Mountain,Colorado,11952,1162,0,0.0,0,0,1,0,4,2,7,64.0,2.0,1.0,800.0,174.87323943661968,143.0,80.0,350.0,89.0,89.0,136.0,0.0,2
Powderhorn,Colorado,9850,1650,0,0.0,0,1,0,0,2,2,5,42.0,2.0,1.5,1600.0,42.0,111.0,53.0,250.0,71.0,71.0,110.0,0.0,2
Cooper,Colorado,11700,1200,0,0.0,0,0,0,1,1,2,4,41.0,1.0,1.0,400.0,174.87323943661968,130.0,74.0,260.0,56.0,56.0,130.0,0.0,2
Ski Granby Ranch,Colorado,9202,1000,0,0.0,0,2,0,1,1,1,5,40.0,1.0,0.6,406.0,170.0,116.0,36.0,220.0,84.0,84.0,92.0,100.0,2
Sunlight Mountain Resort,Colorado,9895,2010,0,0.0,0,0,0,1,2,0,3,67.0,1.0,2.5,680.0,30.0,100.0,53.0,250.0,65.0,65.0,135.0,0.0,2
Wolf Creek Ski Area,Colorado,11904,1604,0,0.0,0,3,1,2,1,3,10,120.0,2.8207885304659497,2.0,1600.0,5.0,130.0,80.0,430.0,72.0,72.0,150.0,0.0,2
Mohawk Mountain,Connecticut,1600,650,0,0.0,0,0,0,5,0,3,8,25.0,2.8207885304659497,1.5,107.0,100.0,88.25,72.0,92.0,30.0,65.0,110.0,64.0,1
Mount Southington Ski Area,Connecticut,525,425,0,0.0,0,0,0,2,2,3,7,14.0,2.0,0.3,51.0,51.0,63.0,55.0,80.0,60.0,60.0,95.0,51.0,1
Powder Ridge Park,Connecticut,720,550,0,0.0,0,0,0,1,2,2,5,19.0,4.0,0.5,80.0,68.0,80.0,60.0,80.0,45.0,55.0,100.0,40.0,1
Ski Sundown,Connecticut,1075,625,0,0.0,0,0,0,3,0,2,5,16.0,2.0,1.0,70.0,70.0,84.0,50.0,45.0,62.0,62.0,95.0,66.0,1
Woodbury Ski Area,Connecticut,730,300,0,0.0,0,0,0,0,1,4,5,12.0,2.0,0.2,50.0,50.0,126.0,57.0,70.0,42.0,42.0,180.0,35.0,1
Bogus Basin,Idaho,7582,1800,0,0.0,0,3,0,1,3,4,11,91.0,3.0,1.5,2600.0,174.87323943661968,134.0,77.0,250.0,64.0,64.0,130.0,165.0,2
Brundage Mountain Resort,Idaho,7640,1800,0,0.0,0,1,0,4,0,1,6,51.0,2.0,3.2,1920.0,2.0,126.0,58.0,320.0,70.0,70.0,131.125,0.0,2
Kelly Canyon Ski Area,Idaho,6600,1000,0,0.0,0,0,0,0,4,2,6,51.0,1.0,1.3,740.0,174.87323943661968,113.6,62.0,200.0,57.91695652173913,42.0,131.125,0.0,2
Lookout Pass Ski Area,Idaho,5650,1150,0,0.0,0,0,0,1,3,0,4,35.0,2.0,1.5,540.0,174.87323943661968,113.0,84.0,400.0,44.0,47.0,140.0,0.0,0
Magic Mountain Ski Area,Idaho,7200,700,0,0.0,0,0,0,0,1,2,3,11.0,2.8207885304659497,1.5,280.0,174.87323943661968,65.0,81.0,180.0,32.0,32.0,70.0,0.0,2
Pebble Creek Ski Area,Idaho,8560,2200,0,0.0,0,0,0,3,0,0,3,54.0,2.0,1.3,1100.0,30.0,85.0,70.0,250.0,47.0,47.0,91.0,30.0,2
Pomerelle Mountain Resort,Idaho,9000,1000,0,0.0,0,0,0,1,1,1,3,24.0,2.0,1.5,500.0,50.0,138.0,56.0,500.0,57.91695652173913,64.16681003584229,138.0,100.0,2
Schweitzer,Idaho,6400,2400,0,0.0,1,2,0,1,3,2,9,92.0,3.0,2.1,2900.0,47.0,136.0,56.0,300.0,81.0,81.0,131.125,100.0,2
Soldier Mountain Ski Area,Idaho,7200,1400,0,0.0,0,0,0,0,2,1,3,36.0,2.8207885304659497,0.4,1142.0,174.87323943661968,60.0,71.0,292.72727272727275,43.0,43.0,131.125,0.0,2
Tamarack Resort,Idaho,7700,2800,0,0.0,0,2,2,0,0,2,6,48.0,3.0,1.5,1020.0,200.0,113.6,15.0,300.0,71.0,71.0,150.0,0.0,2
Chestnut Mountain Resort,Illinois,1040,475,0,0.0,0,0,2,4,0,3,9,22.0,3.0,0.2,139.0,139.0,87.0,60.0,50.0,40.0,55.0,112.0,139.0,1
Four Lakes,Illinois,500,100,0,0.0,0,0,0,0,0,7,7,7.0,1.0,0.1,9.0,9.0,78.0,58.0,24.0,57.91695652173913,64.16681003584229,70.0,9.0,1
Ski Snowstar Winter Sports Park,Illinois,790,262,0,0.0,0,0,2,0,2,2,6,15.0,1.0,0.8,28.0,28.0,56.0,38.0,38.0,25.0,35.0,86.0,28.0,1
Villa Olivia,Illinois,500,180,0,0.0,0,0,1,0,0,6,7,7.0,1.0,0.1,15.0,15.0,73.66666666666667,53.0,25.0,40.0,40.0,70.0,15.0,1
Paoli Peaks,Indiana,900,300,0,0.0,0,1,1,3,1,2,8,15.0,2.0,0.4,65.0,65.0,75.0,41.0,18.0,38.0,45.0,80.0,65.0,1
Perfect North Slopes,Indiana,800,400,0,0.0,0,0,2,3,0,6,11,23.0,2.0,1.0,100.0,100.0,82.0,39.0,24.0,52.0,52.0,90.0,100.0,1
Mt. Crescent Ski Area,Iowa,1500,300,0,0.0,0,0,1,0,1,0,2,11.0,1.0,0.2,50.0,50.0,100.0,58.0,30.0,29.0,39.0,100.0,50.0,1
Seven Oaks,Iowa,975,275,0,0.0,0,0,0,2,0,2,4,11.0,2.0,1.0,35.0,35.0,100.0,22.0,40.0,40.0,40.0,100.0,35.0,1
Sundown Mountain,Iowa,1059,475,0,0.0,0,0,1,1,2,2,6,21.0,2.0,0.6,55.0,55.0,100.0,46.0,45.0,38.0,46.0,100.0,55.0,1
Big Squaw Mountain Ski Resort,Maine,3200,660,0,0.0,0,0,0,1,0,0,1,29.0,2.8207885304659497,0.8,739.8012232415903,174.87323943661968,67.0,6.0,115.85714285714286,30.0,30.0,58.0,0.0,0
Camden Snow Bowl,Maine,1080,850,0,0.0,0,0,0,1,1,1,3,26.0,2.0,1.0,100.0,48.0,68.0,83.0,69.0,33.0,43.0,70.0,48.0,1
Lost Valley,Maine,495,240,0,0.0,0,0,0,0,2,2,4,22.0,2.0,0.3,45.0,45.0,87.0,58.0,50.0,29.0,55.0,104.0,45.0,1
Mt. Abram Ski Resort,Maine,2250,1150,0,0.0,0,0,0,0,2,3,5,54.0,1.0,0.5,640.0,175.0,120.0,59.0,125.0,29.0,49.0,120.0,0.0,1
Mt. Jefferson,Maine,753,432,0,0.0,0,0,0,0,0,3,3,10.0,2.8207885304659497,0.3,12.0,174.87323943661968,108.125,19.0,115.85714285714286,57.91695652173913,64.16681003584229,112.0,0.0,1
New Hermon Mountain,Maine,450,350,0,0.0,0,0,0,0,1,2,3,20.0,2.8207885304659497,1.9,70.0,70.0,102.0,55.0,90.0,32.0,32.0,117.0,45.0,1
Shawnee Peak,Maine,1900,1350,0,0.0,0,0,1,2,1,2,6,43.0,3.0,0.8,239.0,234.0,97.0,81.0,110.0,55.0,75.0,103.0,110.0,1
Wisp,Maryland,3115,700,0,0.0,0,0,2,5,0,5,12,34.0,3.0,1.5,172.0,118.0,121.0,64.0,100.0,59.0,79.0,120.0,118.0,0
Berkshire East,Massachusetts,1720,1180,0,0.0,0,0,2,1,1,2,6,47.0,2.0,2.0,180.0,165.0,120.0,68.0,120.0,48.0,68.0,120.0,80.0,1
Blandford Ski Area,Massachusetts,1685,465,0,0.0,0,0,0,0,3,2,5,29.0,2.0,0.5,132.0,70.0,111.83333333333331,83.0,50.0,20.0,45.0,117.42857142857143,70.0,1
Blue Hills Ski Area,Massachusetts,635,309,0,0.0,0,0,0,0,1,3,4,16.0,1.0,1.4332307692307693,60.0,60.0,111.83333333333331,19.0,84.77777777777777,40.0,45.0,117.42857142857143,0.0,1
Bousquet Ski Area,Massachusetts,1875,750,0,0.0,0,0,0,0,3,2,5,23.0,1.0,1.0,200.0,98.0,111.83333333333331,19.0,83.0,25.0,49.0,117.42857142857143,100.0,1
Bradford Ski Area,Massachusetts,1548,248,0,0.0,0,0,0,2,0,8,10,15.0,1.0,0.3,48.0,48.0,111.83333333333331,71.0,84.77777777777777,37.0,55.0,117.42857142857143,0.0,1
Jiminy Peak,Massachusetts,2380,1150,0,0.0,1,0,2,3,1,2,9,45.0,3.0,2.0,167.0,163.0,121.0,71.0,90.0,81.0,81.0,120.0,104.0,1
Nashoba Valley,Massachusetts,440,240,0,0.0,0,0,0,3,1,7,11,17.0,2.0,0.5,52.0,52.0,112.0,55.0,55.0,48.0,58.0,126.0,52.0,1
Otis Ridge Ski Area,Massachusetts,1700,400,0,0.0,0,0,0,0,1,3,4,11.0,1.0,1.0,60.0,55.0,106.0,73.0,70.0,20.0,40.0,106.0,35.0,1
Ski Butternut,Massachusetts,1800,1000,0,0.0,0,0,3,1,1,6,11,22.0,2.0,1.5,110.0,110.0,107.0,56.0,115.0,25.0,60.0,110.0,0.0,1
Ski Ward,Massachusetts,420,210,0,0.0,0,0,0,1,0,3,4,11.0,1.0,0.2,45.0,45.0,105.0,50.0,80.0,57.91695652173913,64.16681003584229,120.0,38.0,1
Wachusett Mountain Ski Area,Massachusetts,2006,1000,0,0.0,0,3,0,1,0,4,8,27.0,2.0,1.5,112.0,112.0,111.83333333333331,57.0,100.0,65.0,71.0,120.0,104.0,1
Alpine Valley Ski Area,Michigan,500,240,0,0.0,0,0,1,2,5,6,14,25.0,3.0,0.2,100.0,100.0,103.8695652173913,57.0,20.0,39.0,47.0,111.36363636363636,100.0,1
Apple Mountain,Michigan,820,220,0,0.0,0,0,1,0,0,5,6,12.0,2.8207885304659497,1.4332307692307693,80.0,42.0,103.8695652173913,58.0,52.0,35.0,35.0,111.36363636363636,80.0,1
Big Powderhorn Mountain,Michigan,1800,600,0,0.0,0,0,0,0,9,1,10,45.0,2.0,1.0,253.0,228.0,100.0,55.0,214.0,69.0,69.0,108.0,0.0,1
Bittersweet Ski Area,Michigan,850,350,0,0.0,0,0,1,7,0,4,12,20.0,2.0,0.2,100.0,100.0,80.0,36.0,90.0,38.0,48.0,111.36363636363636,100.0,1
Big Snow Resort - Blackjack,Michigan,850,465,0,0.0,0,0,0,0,4,2,6,26.0,2.0,1.0,170.0,86.0,95.0,42.0,210.0,49.0,65.0,115.0,0.0,1
Boyne Highlands,Michigan,1290,552,0,0.0,0,1,3,4,0,2,10,55.0,4.0,1.2,435.0,400.0,97.0,56.0,140.0,78.0,98.0,120.0,150.0,1
Boyne Mountain Resort,Michigan,1120,500,0,0.0,1,0,4,3,2,2,12,60.0,7.0,1.0,415.0,380.0,122.0,71.0,140.0,57.91695652173913,64.16681003584229,130.0,200.0,1
Caberfae Peaks,Michigan,1569,485,0,0.0,0,0,1,2,1,1,5,34.0,2.0,1.2,200.0,200.0,118.0,82.0,140.0,39.0,49.0,130.0,150.0,1
Cannonsburg,Michigan,1100,250,0,0.0,0,0,1,1,1,7,10,21.0,5.0,0.1,100.0,174.87323943661968,100.0,54.0,100.0,30.0,37.0,100.0,0.0,1
Crystal Mountain,Michigan,1132,375,0,0.0,0,1,3,2,0,2,8,58.0,3.0,0.3,102.0,96.0,120.0,63.0,132.0,54.0,64.0,135.0,56.0,1
Big Snow Resort - Indianhead Mountain,Michigan,1935,638,0,0.0,0,0,1,1,5,2,9,32.0,2.0,1.0,240.0,150.0,120.0,60.0,204.0,49.0,49.0,120.0,0.0,1
Marquette Mountain,Michigan,1357,600,0,0.0,0,0,0,1,2,1,4,35.0,3.0,0.7,169.0,143.0,139.0,60.0,210.0,57.91695652173913,64.16681003584229,135.0,89.0,1
Mont Ripley,Michigan,1140,440,0,0.0,0,0,0,0,2,2,4,25.0,2.0,0.8,112.0,112.0,114.0,83.0,275.0,49.0,49.0,100.0,100.0,1
Mount Bohemia,Michigan,1500,900,0,0.0,0,0,0,1,1,0,2,48.214723926380366,2.8207885304659497,2.3,585.0,174.87323943661968,83.0,19.0,273.0,68.0,68.0,100.0,0.0,1
Mt. Brighton,Michigan,1330,230,0,0.0,0,0,2,3,0,8,13,25.0,5.0,0.1,130.0,130.0,111.0,59.0,60.0,52.0,59.0,100.0,130.0,1
Mt. Holiday Ski Area,Michigan,440,200,0,0.0,0,0,0,0,2,2,4,12.0,2.8207885304659497,0.1,45.0,45.0,100.0,70.0,120.0,22.0,34.0,90.0,45.0,1
Mount Holly,Michigan,1105,350,0,0.0,0,1,2,3,1,6,13,19.0,2.8207885304659497,0.1,100.0,100.0,103.8695652173913,63.0,42.0,37.0,45.0,102.0,100.0,1
Mulligan's Hollow Ski Bowl,Michigan,700,130,0,0.0,0,0,0,0,0,5,5,6.0,2.8207885304659497,0.2,10.0,10.0,103.8695652173913,19.0,60.0,15.0,20.0,111.36363636363636,10.0,1
Norway Mountain,Michigan,1335,500,0,0.0,0,0,0,1,2,3,6,17.0,1.0,1.4,186.0,186.0,110.0,45.0,100.0,57.91695652173913,45.0,110.0,40.0,1
Nubs Nob Ski Area,Michigan,1338,427,0,0.0,0,0,3,4,2,1,10,53.0,3.0,0.9,248.0,248.0,133.0,61.0,135.0,65.0,85.0,130.0,160.0,1
Pine Mountain,Michigan,1650,500,0,0.0,0,0,0,1,2,1,4,28.0,1.0,0.5,160.0,160.0,110.0,80.0,60.0,57.91695652173913,45.0,126.0,80.0,1
Schuss Mountain at Shanty Creek,Michigan,1125,450,0,0.0,0,0,5,0,0,3,8,42.0,3.0,1.0,70.0,70.0,94.0,57.0,160.0,58.0,78.0,111.0,70.0,1
Snow Snake Mountain Ski Area,Michigan,1230,210,0,0.0,0,0,0,1,0,5,6,12.0,2.0,0.0,40.0,40.0,103.8695652173913,72.0,133.53846153846158,30.0,35.0,111.36363636363636,40.0,1
Swiss Valley,Michigan,1200,225,0,0.0,0,0,2,1,0,4,7,11.0,2.0,0.1,60.0,60.0,89.0,51.0,60.0,32.0,42.0,80.0,60.0,1
Timber Ridge,Michigan,850,250,0,0.0,0,0,1,1,2,4,8,16.0,2.0,0.3,50.0,50.0,80.0,58.0,133.53846153846158,35.0,45.0,111.36363636363636,50.0,1
Treetops Resort,Michigan,1345,225,0,0.0,0,0,0,3,0,2,5,23.0,3.0,0.2,80.0,80.0,63.0,65.0,175.0,57.91695652173913,64.16681003584229,101.0,80.0,1
Afton Alps,Minnesota,1530,350,0,0.0,0,0,1,3,14,4,22,48.0,5.0,0.5,250.0,250.0,135.0,56.0,60.0,55.0,60.0,135.0,250.0,1
Andes Tower Hills Ski Area,Minnesota,1620,290,0,0.0,0,0,1,2,0,3,6,15.0,2.0,0.2,35.0,35.0,100.0,38.0,55.0,45.0,45.0,110.0,35.0,1
Buck Hill,Minnesota,1225,309,0,0.0,0,0,2,1,0,5,8,16.0,2.8207885304659497,0.2,45.0,45.0,115.0,65.0,60.0,34.0,47.0,112.0,45.0,1
Buena Vista Ski Area,Minnesota,1510,230,0,0.0,0,0,0,2,2,2,6,17.0,2.8207885304659497,0.3,30.0,30.0,57.0,70.0,78.0,44.0,44.0,60.0,30.0,1
Coffee Mill Ski & Snowboard Resort,Minnesota,1150,425,0,0.0,0,0,0,0,2,1,3,14.0,1.0,1.0,40.0,35.0,57.0,39.0,48.0,23.0,37.0,56.0,35.0,1
Elm Creek Winter Recreation Area,Minnesota,928,60,0,0.0,0,0,0,0,0,3,3,3.0,2.8207885304659497,1.0,15.0,20.0,105.0,13.0,45.0,17.0,17.0,102.0,15.0,1
Giants Ridge Resort,Minnesota,1972,500,0,0.0,0,1,1,1,2,2,7,35.0,2.0,0.8,202.0,202.0,120.0,35.0,85.0,49.0,58.0,125.0,121.0,1
Hyland Ski & Snowboard Area,Minnesota,1075,175,0,0.0,0,0,2,1,0,5,8,14.0,1.0,1.0,35.0,35.0,110.0,61.0,55.0,35.34,35.34,115.0,35.0,1
Lutsen Mountains,Minnesota,1688,825,1,0.0,1,0,0,1,4,1,8,62.0,2.0,2.0,393.0,231.0,135.0,71.0,120.0,84.0,84.0,127.0,0.0,1
Mount Kato Ski Area,Minnesota,540,240,0,0.0,0,0,5,0,3,2,10,19.0,4.0,1.0,55.0,55.0,115.0,43.0,50.0,34.0,46.0,120.0,50.0,1
Powder Ridge Ski Area,Minnesota,790,300,0,0.0,0,0,1,0,2,3,6,15.0,4.0,1.4332307692307693,60.0,60.0,97.0,58.0,45.0,36.0,48.0,113.0,60.0,1
Spirit Mountain,Minnesota,1320,700,0,0.0,0,1,1,2,1,2,7,22.0,3.0,1.0,175.0,175.0,100.0,45.0,100.0,59.0,59.0,125.0,144.0,1
Welch Village,Minnesota,1060,360,0,0.0,0,0,3,1,4,2,10,50.0,1.0,0.8,125.0,125.0,114.0,54.0,45.0,54.0,60.0,122.0,100.0,1
Wild Mountain Ski & Snowboard Area,Minnesota,1113,300,0,0.0,0,0,4,0,0,4,8,26.0,4.0,0.9,100.0,100.0,130.0,47.0,50.0,55.0,55.0,140.0,100.0,1
Hidden Valley Ski Area,Missouri,2566,310,0,0.0,0,0,2,2,0,3,7,17.0,2.8207885304659497,0.1,30.0,30.0,69.0,37.0,26.0,49.0,49.0,85.0,17.0,1
Snow Creek,Missouri,1100,300,0,0.0,0,0,0,2,1,2,5,14.0,2.0,0.3,30.0,30.0,69.0,33.0,20.0,37.0,47.0,85.0,30.0,1
Blacktail Mountain Ski Area,Montana,6676,1440,0,0.0,0,0,0,1,2,1,4,27.0,2.8207885304659497,0.7,1000.0,174.87323943661968,105.66666666666669,21.0,250.0,42.0,42.0,118.55555555555556,0.0,2
Bridger Bowl,Montana,8700,2600,0,0.0,0,0,1,6,1,3,11,105.0,2.0,1.5,2000.0,100.0,122.0,64.0,350.0,63.0,63.0,133.0,0.0,2
Discovery Ski Area,Montana,8150,2380,0,0.0,0,0,0,5,2,1,8,74.0,1.0,1.5,2400.0,25.0,116.0,46.0,225.0,49.0,49.0,116.0,0.0,2
Great Divide,Montana,7330,1580,0,0.0,0,0,0,0,5,1,6,110.0,6.0,3.0,1600.0,150.0,94.0,78.0,180.0,48.0,48.0,100.0,100.0,2
Lost Trail - Powder Mtn,Montana,8200,1800,0,0.0,0,0,0,0,5,3,8,69.0,2.0,2.5,1800.0,174.87323943661968,84.0,81.0,325.0,46.0,46.0,80.0,0.0,2
Maverick Mountain,Montana,8520,2020,0,0.0,0,0,0,0,1,1,2,22.0,2.8207885304659497,1.3,255.0,174.87323943661968,105.66666666666669,83.0,160.0,39.0,39.0,118.55555555555556,0.0,2
Montana Snowbowl,Montana,7600,2600,0,0.0,0,0,0,0,2,2,4,37.0,2.8207885304659497,1.2,950.0,20.0,105.66666666666669,58.0,300.0,50.0,50.0,118.55555555555556,10.0,2
Red Lodge Mountain,Montana,9416,2400,0,0.0,0,2,0,1,3,1,7,70.0,2.0,2.5,1635.0,496.0,142.0,59.0,250.0,67.0,67.0,136.0,0.0,2
Showdown Montana,Montana,8200,1400,0,0.0,0,0,0,1,2,1,4,36.0,1.0,1.8,640.0,174.87323943661968,86.0,83.0,250.0,47.0,47.0,85.0,0.0,2
Whitefish Mountain Resort,Montana,6817,2353,0,0.0,0,3,2,6,0,3,14,105.0,4.0,3.3,3000.0,600.0,123.0,72.0,333.0,81.0,81.0,123.0,600.0,2
Diamond Peak,Nevada,8540,1840,0,0.0,0,1,2,0,3,1,7,30.0,3.0,2.5,655.0,492.0,100.0,53.0,300.0,89.0,99.0,122.0,0.0,2
Lee Canyon,Nevada,11289,860,0,0.0,0,0,2,1,0,0,3,24.0,1.0,0.3,195.0,50.0,144.0,56.0,161.0,70.0,70.0,150.0,0.0,2
Mt. Rose - Ski Tahoe,Nevada,9700,1800,0,0.0,2,0,2,2,0,2,8,65.0,5.0,2.5,1200.0,330.0,152.0,55.0,350.0,135.0,135.0,150.0,0.0,2
Attitash,New Hampshire,2350,1750,0,0.0,0,2,1,3,2,1,9,68.0,3.0,3.0,311.0,240.0,115.0,54.0,120.0,79.0,89.0,130.0,0.0,1
Black Mountain,New Hampshire,2350,1100,0,0.0,0,0,0,1,1,3,5,45.0,2.8207885304659497,1.6,143.0,120.0,110.0,84.0,125.0,45.0,59.0,107.0,0.0,1
Cannon Mountain,New Hampshire,4080,2180,1,0.0,0,1,2,3,1,3,11,97.0,3.0,2.3,285.0,192.0,124.0,81.0,160.0,79.0,79.0,143.0,0.0,0
Cranmore Mountain Resort,New Hampshire,2000,1200,0,0.0,0,1,1,2,1,2,7,57.0,4.0,1.0,200.0,192.0,107.0,82.0,150.0,57.91695652173913,64.16681003584229,128.0,0.0,1
Crotched Mountain,New Hampshire,2066,1016,0,0.0,0,1,1,1,1,1,5,25.0,3.0,1.2,100.0,100.0,105.0,16.0,105.0,55.0,69.0,100.0,100.0,1
Dartmouth Skiway,New Hampshire,1943,969,0,0.0,0,0,1,0,1,2,4,28.0,1.0,1.1,107.0,54.0,104.0,63.0,100.0,50.0,50.0,105.0,0.0,1
Gunstock,New Hampshire,2300,1400,0,0.0,0,1,2,2,0,1,6,55.0,4.0,1.5,227.0,176.0,106.0,82.0,120.0,80.0,92.0,128.6,60.0,1
King Pine,New Hampshire,850,350,0,0.0,0,0,0,3,0,3,6,17.0,2.0,0.3,48.0,45.0,105.0,57.0,120.0,42.0,58.0,107.0,23.0,1
Loon Mountain,New Hampshire,3050,2100,1,0.0,0,3,1,1,3,2,11,61.0,6.0,2.5,370.0,322.0,149.0,53.0,160.0,57.91695652173913,64.16681003584229,144.0,0.0,0
Mount Sunapee,New Hampshire,2743,1510,0,0.0,0,2,1,2,1,4,10,66.0,4.0,0.8,232.0,215.0,130.0,71.0,100.0,83.0,93.0,136.0,0.0,0
Pats Peak,New Hampshire,1460,770,0,0.0,0,0,0,4,2,5,11,28.0,3.0,1.5,115.0,115.0,109.0,56.0,100.0,58.0,72.0,112.0,93.0,1
Ragged Mountain Resort,New Hampshire,2250,1250,0,0.0,1,1,0,1,0,3,6,57.0,3.0,0.7,250.0,200.0,123.13333333333334,54.0,100.0,74.0,84.0,140.0,0.0,1
Waterville Valley,New Hampshire,4004,2020,0,0.0,0,2,0,2,3,4,11,62.0,4.0,1.9,265.0,220.0,142.0,54.0,148.0,79.0,93.0,142.0,0.0,0
Whaleback Mountain,New Hampshire,1800,700,0,0.0,0,0,0,0,1,3,4,30.0,1.0,1.0,85.0,60.0,105.0,64.0,110.0,30.0,45.0,105.0,55.0,1
Wildcat Mountain,New Hampshire,4062,2112,0,0.0,0,1,0,3,0,1,5,48.0,2.8207885304659497,2.8,225.0,200.0,156.0,61.0,200.0,79.0,89.0,150.0,0.0,0
Campgaw Mountain,New Jersey,726,274,0,0.0,0,0,0,0,2,3,5,12.0,1.0,0.3,23.0,23.0,80.0,58.0,45.0,57.91695652173913,64.16681003584229,100.0,14.0,1
Mountain Creek Resort,New Jersey,1480,1040,1,0.0,0,2,2,1,1,3,10,46.0,3.0,2.0,167.0,167.0,90.0,54.0,65.0,79.99,79.99,100.0,167.0,1
Angel Fire Resort,New Mexico,10677,2077,0,0.0,0,2,0,0,3,2,7,81.0,3.0,3.0,560.0,230.0,101.0,53.0,210.0,77.0,77.0,101.0,50.0,2
Enchanted Forest Ski Area,New Mexico,10078,400,0,0.0,0,0,0,0,0,0,0,33.0,2.8207885304659497,2.5,600.0,174.87323943661968,130.0,34.0,240.0,20.0,20.0,140.0,0.0,2
Pajarito Mountain Ski Area,New Mexico,10441,1410,0,0.0,0,0,1,1,3,1,6,45.0,2.0,0.6,750.0,35.0,89.0,62.0,163.0,49.0,49.0,117.0,0.0,2
Red River,New Mexico,10350,1600,0,0.0,0,0,1,3,1,2,7,63.0,3.0,2.5,209.0,174.87323943661968,110.0,60.0,214.0,79.0,79.0,116.125,0.0,2
Sipapu Ski Resort,New Mexico,9255,1055,0,0.0,0,0,1,2,0,3,6,42.0,4.0,0.5,200.0,140.0,127.0,67.0,190.0,47.0,47.0,143.0,0.0,2
Ski Apache,New Mexico,11500,1900,1,0.0,0,0,2,6,0,2,11,55.0,3.0,2.0,750.0,270.0,133.0,58.0,185.0,74.0,74.0,124.0,0.0,2
Ski Santa Fe,New Mexico,12075,1725,0,0.0,0,0,1,2,2,2,7,83.0,1.0,3.0,660.0,275.0,107.0,73.0,225.0,80.0,80.0,130.0,0.0,2
Belleayre,New York,3429,1404,1,0.0,0,1,1,1,2,2,8,50.0,2.0,2.2,175.0,168.0,154.0,70.0,130.0,60.0,72.0,150.0,0.0,0
Brantling Ski Slopes,New York,850,250,0,0.0,0,0,0,0,0,5,5,10.0,2.8207885304659497,0.1,20.0,16.0,108.36363636363636,19.0,110.0,32.0,32.0,112.125,0.0,1
Bristol Mountain,New York,2200,1200,0,0.0,0,2,1,1,1,1,6,34.0,3.0,2.0,160.0,148.0,129.0,55.0,60.0,65.0,76.0,129.0,154.0,1
Buffalo Ski Club Ski Area,New York,3429,500,0,0.0,0,0,0,0,2,4,6,43.0,1.0,1.4332307692307693,225.0,150.0,108.36363636363636,12.0,131.26666666666668,35.0,50.0,112.125,100.0,0
Catamount,New York,2000,1000,0,0.0,0,0,1,1,2,3,7,36.0,5.0,2.0,133.0,130.0,100.0,80.0,108.0,38.0,69.0,90.0,55.0,1
Dry Hill Ski Area,New York,950,300,0,0.0,0,0,0,0,1,2,3,7.0,1.0,0.2,35.0,26.0,108.36363636363636,55.0,125.0,57.91695652173913,35.0,112.125,26.0,1
Greek Peak,New York,2100,952,0,0.0,0,0,1,1,4,2,8,56.0,4.0,1.5,220.0,184.0,110.0,62.0,122.0,49.0,63.2,113.0,175.0,1
Holiday Mountain,New York,1550,400,0,0.0,0,0,1,0,1,2,4,9.0,2.8207885304659497,0.4,37.0,37.0,75.0,60.0,50.0,27.0,42.0,85.0,37.0,1
Holiday Valley,New York,2250,750,0,0.0,0,3,8,0,0,2,13,60.0,5.0,1.0,290.0,266.0,116.0,62.0,180.0,65.0,78.0,129.0,189.0,1
Holimont Ski Area,New York,2260,700,0,0.0,0,1,1,2,3,1,8,53.0,3.0,1.5,135.0,135.0,110.0,57.0,180.0,62.0,75.0,119.0,0.0,1
Hunt Hollow Ski Club,New York,2030,825,0,0.0,0,0,0,1,1,1,3,19.0,1.0,1.0,400.0,400.0,108.36363636363636,52.0,130.0,48.0,58.0,75.0,400.0,1
Hunter Mountain,New York,3200,1600,0,0.0,2,1,2,2,2,4,13,67.0,4.0,2.0,320.0,320.0,148.0,59.0,120.0,79.0,89.0,155.0,0.0,0
Labrador Mt.,New York,1825,700,0,0.0,0,0,0,1,2,1,4,23.0,1.0,1.0,250.0,237.0,108.36363636363636,62.0,125.0,59.0,59.0,100.0,180.0,1
Maple Ski Ridge,New York,1200,450,0,0.0,0,0,0,1,1,1,3,10.0,2.8207885304659497,0.3,25.0,25.0,108.36363636363636,57.0,131.26666666666668,26.0,38.0,112.125,20.0,1
McCauley Mountain Ski Center,New York,2250,633,0,0.0,0,0,0,0,1,4,5,23.0,1.0,0.3,70.0,55.0,105.0,61.0,200.0,20.0,30.0,105.0,0.0,1
Mount Peter Ski Area,New York,1250,450,0,0.0,0,0,1,0,2,2,5,14.0,1.0,1.0,69.0,69.0,100.0,83.0,50.0,35.0,54.0,100.0,69.0,1
Oak Mountain,New York,2400,650,0,0.0,0,0,1,0,0,3,4,22.0,1.0,1.2,46.0,18.0,108.36363636363636,71.0,120.0,40.0,40.0,112.125,12.0,1
Peek'n Peak,New York,1800,400,0,0.0,0,0,0,8,0,2,10,27.0,4.0,2.4,110.0,110.0,110.0,55.0,225.0,49.0,63.0,112.125,110.0,1
Plattekill Mountain,New York,3500,1100,0,0.0,0,0,0,1,1,2,4,38.0,1.0,2.0,110.0,75.0,65.0,26.0,175.0,50.0,67.0,65.0,0.0,0
Royal Mountain Ski Area,New York,1800,550,0,0.0,0,0,0,0,3,0,3,14.0,2.8207885304659497,0.3,35.0,28.0,108.36363636363636,63.0,90.0,45.0,45.0,112.125,0.0,1
Snow Ridge,New York,2000,650,0,0.0,0,0,0,0,4,2,6,21.0,2.0,0.8,130.0,65.0,73.0,74.0,230.0,38.0,48.0,100.0,40.0,1
Song Mountain,New York,1940,700,0,0.0,0,0,0,1,1,3,5,24.0,2.8207885304659497,0.4,93.0,70.0,90.0,55.0,125.0,59.0,59.0,122.0,70.0,1
Swain,New York,1970,650,0,0.0,0,0,3,0,1,1,5,35.0,3.0,1.0,130.0,90.0,102.0,72.0,120.0,49.0,59.0,100.0,80.0,1
Thunder Ridge,New York,1270,500,0,0.0,0,0,0,1,2,3,6,30.0,2.8207885304659497,0.4,100.0,100.0,121.0,60.0,131.26666666666668,57.91695652173913,57.0,121.0,100.0,1
Titus Mountain,New York,2025,1200,0,0.0,0,0,0,2,6,2,10,50.0,3.0,2.0,200.0,150.0,101.0,59.0,150.0,39.0,49.0,100.0,70.0,1
Toggenburg Mountain,New York,2000,700,0,0.0,0,0,0,1,1,3,5,22.0,2.0,0.4,85.0,174.87323943661968,108.36363636363636,66.0,130.0,55.0,55.0,122.0,73.0,1
West Mountain,New York,1470,1010,0,0.0,0,0,0,1,2,2,5,29.0,1.0,0.6,124.0,105.0,108.36363636363636,58.0,80.0,49.0,59.0,120.0,105.0,1
Whiteface Mountain Resort,New York,4650,3430,1,0.0,0,1,1,2,5,2,12,86.0,5.0,2.1,288.0,220.0,122.0,61.0,168.0,96.0,96.0,141.0,0.0,0
Willard Mountain,New York,1415,505,0,0.0,0,0,0,0,2,3,5,16.0,2.8207885304659497,0.4,50.0,35.0,85.0,19.0,80.0,46.0,46.0,120.0,35.0,1
Windham Mountain,New York,3100,1600,0,0.0,1,2,0,3,1,5,12,54.0,6.0,2.0,285.0,280.0,123.0,59.0,105.0,85.0,95.0,130.0,56.0,0
Woods Valley Ski Area,New York,1400,500,0,0.0,0,0,0,0,2,4,6,21.0,2.8207885304659497,0.3,25.0,16.0,108.36363636363636,55.0,180.0,31.0,39.0,112.125,15.0,1
Appalachian Ski Mountain,North Carolina,4000,365,0,0.0,0,0,2,0,1,2,5,12.0,3.0,0.5,27.0,27.0,100.0,57.0,50.0,40.0,64.0,100.0,27.0,0
Cataloochee Ski Area,North Carolina,5400,740,0,0.0,0,0,1,1,1,2,5,18.0,2.0,1.0,50.0,50.0,141.0,58.0,50.0,43.0,70.0,108.0,50.0,0
Sapphire Valley,North Carolina,3450,200,0,0.0,0,0,1,0,0,2,3,48.214723926380366,1.0,1.0,8.0,8.0,53.0,55.0,24.0,40.0,43.0,60.0,8.0,0
Beech Mountain Resort,North Carolina,5506,830,0,0.0,0,0,3,0,3,2,8,17.0,1.0,1.0,95.0,95.0,98.0,52.0,31.0,41.0,68.0,97.6,95.0,0
Sugar Mountain Resort,North Carolina,5300,1200,0,0.0,1,0,0,1,4,2,8,21.0,1.0,1.5,125.0,125.0,114.0,50.0,77.0,45.0,75.0,120.0,95.0,0
Wolf Ridge Ski Resort,North Carolina,4700,720,0,0.0,0,0,1,0,1,2,4,15.0,1.0,0.6,65.0,65.0,101.2,49.0,65.0,42.0,65.0,100.0,60.0,0
Alpine Valley,Ohio,1500,230,0,0.0,0,0,1,2,1,1,5,11.0,1.0,0.2,72.0,72.0,105.0,53.0,120.0,43.0,43.0,95.0,72.0,1
Boston Mills,Ohio,871,264,0,0.0,0,0,0,4,2,2,8,7.0,2.0,0.3,40.0,40.0,92.0,56.0,51.0,44.0,44.0,110.0,40.0,1
Brandywine,Ohio,871,240,0,0.0,0,0,2,7,2,5,16,11.0,2.0,0.3,85.0,85.0,92.0,56.0,51.0,44.0,44.0,110.0,85.0,1
Mad River Mountain,Ohio,1460,300,0,0.0,0,0,1,2,3,6,12,20.0,4.0,0.5,144.0,144.0,99.0,57.0,36.0,39.0,44.0,90.0,144.0,1
Snow Trails,Ohio,1475,301,0,0.0,0,0,0,4,2,3,9,17.0,3.0,0.2,80.0,80.0,101.0,58.0,50.0,41.0,52.0,70.0,80.0,1
Anthony Lakes Mountain Resort,Oregon,8000,900,0,0.0,0,0,0,1,0,2,3,21.0,2.0,1.5,1100.0,174.87323943661968,75.0,56.0,300.0,40.0,40.0,80.0,0.0,2
Cooper Spur,Oregon,4000,350,0,0.0,0,0,0,0,1,1,2,10.0,2.8207885304659497,0.1,50.0,174.87323943661968,78.0,66.0,100.0,39.0,39.0,90.0,0.0,0
Hoodoo Ski Area,Oregon,5703,1035,0,0.0,0,0,3,1,1,0,5,34.0,2.8207885304659497,0.4,806.0,174.87323943661968,80.0,81.0,350.0,59.0,59.0,108.0,200.0,0
Mt. Ashland,Oregon,7533,1150,0,0.0,0,0,0,2,2,1,5,23.0,2.0,1.0,220.0,174.87323943661968,94.0,55.0,300.0,45.0,52.0,92.0,40.0,2
Mt. Hood Meadows,Oregon,7300,2777,0,0.0,0,6,0,0,5,2,13,85.0,6.0,3.0,2150.0,174.87323943661968,118.0,51.0,430.0,57.91695652173913,64.16681003584229,160.0,170.0,2
Mt. Hood Skibowl,Oregon,5100,1500,0,0.0,0,0,0,0,4,5,9,65.0,2.0,3.0,960.0,29.0,125.0,82.0,300.0,70.0,70.0,144.0,317.0,0
Spout Springs,Oregon,5500,610,0,0.0,0,0,0,0,2,2,4,14.0,2.8207885304659497,0.1,200.0,174.87323943661968,117.0,19.0,118.0,57.91695652173913,64.16681003584229,125.0,100.0,0
Bear Creek Mountain Resort,Pennsylvania,1100,510,0,0.0,0,0,3,1,0,2,6,23.0,3.0,1.0,86.0,86.0,91.0,52.0,30.0,50.0,60.0,90.0,86.0,1
Ski Big Bear,Pennsylvania,1250,650,0,0.0,0,0,0,0,4,2,6,18.0,1.0,1.5,26.0,26.0,75.0,43.0,69.0,50.0,62.0,75.0,26.0,1
Big Boulder,Pennsylvania,2175,600,0,0.0,0,0,0,2,5,1,8,16.0,8.0,1.4332307692307693,55.0,55.0,76.0,72.0,50.0,50.0,65.0,95.0,55.0,1
Blue Knob,Pennsylvania,3146,1072,0,0.0,0,0,0,2,2,2,6,34.0,1.0,2.0,100.0,84.0,87.0,56.0,120.0,43.0,68.0,105.0,42.0,0
Blue Mountain Resort,Pennsylvania,1600,1082,0,0.0,1,1,1,1,3,9,16,39.0,5.0,1.2,164.0,164.0,122.0,42.0,33.0,55.0,65.0,112.0,164.0,1
Camelback Mountain Resort,Pennsylvania,2100,800,0,0.0,0,2,0,3,5,6,16,37.0,5.0,1.0,166.0,166.0,100.0,56.0,50.0,55.0,70.0,100.0,160.0,1
Eagle Rock,Pennsylvania,1810,550,0,0.0,0,0,0,0,3,0,3,14.0,1.0,1.0,739.8012232415903,174.87323943661968,93.6,47.0,54.444444444444436,57.91695652173913,64.16681003584229,40.0,0.0,1
Elk Mountain Ski Resort,Pennsylvania,2693,1000,0,0.0,0,0,1,0,5,1,7,27.0,2.0,0.7,180.0,146.0,93.6,60.0,60.0,55.0,69.0,100.0,90.0,1
Jack Frost,Pennsylvania,2000,600,0,0.0,0,0,1,2,5,1,9,20.0,1.0,1.0,100.0,100.0,96.0,47.0,50.0,50.0,65.0,105.0,0.0,1
Liberty,Pennsylvania,1190,620,0,0.0,0,0,5,0,0,3,8,16.0,3.0,1.0,100.0,100.0,107.0,54.0,31.0,67.0,77.0,97.0,100.0,1
Mount Pleasant of Edinboro,Pennsylvania,1540,340,0,0.0,0,0,0,1,0,1,2,10.0,2.8207885304659497,0.5,40.0,35.0,75.0,48.0,100.0,30.0,33.0,90.0,35.0,1
Roundtop Mountain Resort,Pennsylvania,1400,600,0,0.0,0,0,3,2,0,3,8,20.0,2.0,0.4,103.0,103.0,93.6,55.0,30.0,63.0,73.0,95.88888888888887,100.0,1
Seven Springs,Pennsylvania,2994,750,0,0.0,2,0,3,5,0,4,14,33.0,7.0,1.2,285.0,285.0,99.0,87.0,135.0,67.0,87.0,115.0,200.0,0
Shawnee Mountain Ski Area,Pennsylvania,1350,700,0,0.0,0,1,1,0,4,4,10,23.0,2.0,1.6,125.0,125.0,100.0,44.0,50.0,55.0,65.0,122.0,120.0,1
Ski Sawmill,Pennsylvania,2215,515,0,0.0,0,0,0,1,1,3,5,14.0,1.0,0.1,15.0,13.0,93.6,50.0,24.0,30.0,44.0,90.0,15.0,1
Montage Mountain,Pennsylvania,1960,1000,0,0.0,0,0,1,3,1,2,7,26.0,1.0,1.2,140.0,140.0,60.0,35.0,47.0,67.0,64.16681003584229,90.0,140.0,1
Spring Mountain Ski Area,Pennsylvania,528,450,0,0.0,0,0,0,1,3,2,6,9.0,1.0,0.2,45.0,45.0,100.0,56.0,20.0,57.91695652173913,64.16681003584229,100.0,45.0,1
Tussey Mountain,Pennsylvania,1750,520,0,0.0,0,0,1,0,1,3,5,8.0,1.0,0.3,38.0,30.0,100.0,39.0,41.0,40.0,45.0,100.0,30.0,1
Whitetail Resort,Pennsylvania,1800,935,0,0.0,0,1,3,0,2,2,8,23.0,2.0,1.0,120.0,120.0,116.0,28.0,40.0,69.0,71.0,100.0,120.0,1
Yawgoo Valley,Rhode Island,315,245,0,0.0,0,0,0,0,2,2,4,13.0,1.0,0.2,30.0,30.0,100.0,54.0,40.0,57.91695652173913,64.16681003584229,100.0,30.0,1
Deer Mountain Ski Resort,South Dakota,6850,940,0,0.0,0,0,0,1,1,2,4,63.0,2.0,1.6,500.0,50.0,69.0,51.0,200.0,45.0,45.0,81.0,0.0,2
Terry Peak Ski Area,South Dakota,7100,1100,0,0.0,0,3,0,1,0,1,5,30.0,1.0,1.2,450.0,225.0,114.0,65.0,150.0,58.0,58.0,120.0,0.0,2
Ober Gatlinburg Ski Resort,Tennessee,3300,600,0,0.0,0,0,2,0,1,1,4,10.0,1.0,1.0,739.8012232415903,174.87323943661968,83.0,44.0,35.0,36.0,65.0,94.0,0.0,0
Alta Ski Area,Utah,11068,2538,0,0.0,0,3,0,1,2,0,6,116.0,2.8207885304659497,1.3,2614.0,140.0,150.0,81.0,545.0,116.0,116.0,140.0,0.0,2
Beaver Mountain,Utah,8600,1600,0,0.0,0,0,0,1,3,1,5,48.0,2.0,0.8,464.0,174.87323943661968,120.0,81.0,400.0,50.0,50.0,120.0,0.0,2
Brian Head Resort,Utah,10970,1548,0,0.0,0,1,0,6,1,0,8,71.0,2.0,0.6,650.0,216.0,149.0,54.0,360.0,42.0,59.0,148.0,0.0,2
Brighton Resort,Utah,10500,1745,0,0.0,0,3,1,1,0,2,7,66.0,4.0,1.2,1050.0,200.0,138.0,83.0,500.0,85.0,85.0,138.0,200.0,2
Eagle Point,Utah,10600,1500,0,0.0,0,0,1,1,2,1,5,40.0,1.0,0.9,650.0,174.87323943661968,127.5,9.0,400.0,45.0,60.0,109.0,0.0,2
Solitude Mountain Resort,Utah,10488,2494,0,0.0,0,4,2,1,1,1,9,80.0,2.8207885304659497,3.0,1200.0,150.0,161.0,62.0,500.0,109.0,119.0,148.0,0.0,2
Sundance,Utah,8250,2150,0,0.0,0,0,2,2,0,1,5,45.0,1.0,0.6,450.0,112.0,128.0,50.0,320.0,80.0,80.0,129.0,0.0,2
Nordic Valley Resort,Utah,6400,960,0,0.0,0,0,0,0,2,2,4,23.0,1.0,0.4,140.0,84.0,105.0,51.0,300.0,45.0,50.0,105.0,140.0,0
Bolton Valley,Vermont,3150,1704,0,0.0,0,0,2,0,3,1,6,71.0,3.0,0.6,300.0,90.0,133.0,53.0,300.0,69.0,79.0,132.0,50.0,0
Bromley Mountain,Vermont,3284,1334,0,0.0,0,1,1,0,4,3,9,47.0,1.0,2.5,178.0,153.0,136.69230769230768,83.0,168.0,87.0,91.0,152.0,0.0,0
Burke Mountain,Vermont,3267,2011,0,0.0,0,2,1,0,0,3,6,50.0,3.0,2.2,178.0,125.0,110.0,62.0,217.0,73.0,73.0,125.0,0.0,0
Jay Peak,Vermont,3968,2153,1,0.0,0,1,3,1,1,2,9,79.0,2.0,3.0,385.0,300.0,155.0,64.0,349.0,89.0,89.0,160.0,0.0,0
Mad River Glen,Vermont,3637,2037,0,0.0,0,0,0,2,2,1,5,52.0,2.8207885304659497,1.0,115.0,16.0,134.0,71.0,228.0,57.91695652173913,64.16681003584229,135.0,0.0,0
Magic Mountain,Vermont,2850,1500,0,0.0,0,0,0,0,3,3,6,50.0,1.0,1.6,205.0,95.0,76.0,59.0,150.0,74.0,74.0,80.0,0.0,0
Mount Snow,Vermont,3600,1700,0,0.0,1,3,1,6,4,5,20,86.0,10.0,3.0,600.0,480.0,135.0,65.0,156.0,57.91695652173913,64.16681003584229,135.0,0.0,0
Pico Mountain ,Vermont,3967,1967,0,0.0,0,2,0,2,2,1,7,59.0,1.0,4.0,260.0,156.0,136.69230769230768,82.0,250.0,81.0,81.0,135.76923076923077,0.0,0
Smugglers' Notch Resort,Vermont,3640,2610,0,0.0,0,0,0,0,6,2,8,78.0,6.0,3.0,1000.0,192.0,136.0,63.0,280.0,79.0,79.0,135.0,0.0,0
Stowe Mountain Resort,Vermont,4395,2360,2,0.0,0,0,4,2,2,2,12,116.0,2.8207885304659497,3.7,485.0,388.0,155.0,86.0,314.0,57.91695652173913,64.16681003584229,137.0,0.0,0
Stratton Mountain,Vermont,3875,2003,1,0.0,4,1,2,1,1,1,11,99.0,4.0,3.0,670.0,474.0,155.0,58.0,180.0,57.91695652173913,64.16681003584229,160.0,0.0,0
Sugarbush,Vermont,4083,2600,0,0.0,0,5,5,2,1,3,16,111.0,4.0,3.0,581.0,406.0,150.0,61.0,250.0,119.0,119.0,156.0,0.0,0
Suicide Six,Vermont,1200,650,0,0.0,0,0,0,0,2,1,3,24.0,2.8207885304659497,0.4,100.0,50.0,100.0,85.0,90.0,45.0,75.0,106.0,0.0,1
Bryce Resort,Virginia,1750,500,0,0.0,0,0,1,0,1,5,7,8.0,2.8207885304659497,0.4,25.0,25.0,100.0,54.0,30.0,43.0,68.0,95.0,20.0,1
Massanutten,Virginia,2925,1110,0,0.0,0,0,3,1,0,3,7,13.0,2.0,0.8,70.0,70.0,68.0,46.0,35.0,57.91695652173913,64.16681003584229,97.0,70.0,0
The Homestead Ski Area,Virginia,3200,700,0,0.0,0,0,0,0,1,1,2,10.0,2.8207885304659497,1.0,45.0,100.0,91.0,60.0,50.0,57.91695652173913,64.16681003584229,100.0,0.0,0
Wintergreen Resort,Virginia,3515,1003,0,0.0,2,0,1,1,1,0,5,27.0,2.0,1.0,129.0,129.0,107.0,44.0,34.0,59.0,64.16681003584229,121.0,45.0,0
49 Degrees North,Washington,5774,1851,0,0.0,0,0,1,0,5,1,7,89.0,1.0,2.0,2325.0,174.87323943661968,101.0,48.0,301.0,62.0,62.0,135.0,250.0,0
Alpental,Washington,5420,2280,0,0.0,0,1,0,0,3,1,5,24.0,2.8207885304659497,1.2,825.0,174.87323943661968,120.0,52.0,428.0,57.91695652173913,64.16681003584229,144.0,121.0,0
Bluewood,Washington,5670,1125,0,0.0,0,0,0,2,0,1,3,24.0,2.0,2.0,355.0,174.87323943661968,70.0,40.0,300.0,42.0,47.0,110.0,0.0,0
Crystal Mountain,Washington,7012,3100,1,0.0,2,2,1,2,2,0,10,57.0,1.0,2.5,2600.0,10.0,113.55555555555556,57.0,486.0,99.0,99.0,131.33333333333334,0.0,2
Mission Ridge,Washington,6820,2250,0,0.0,0,1,0,0,3,2,6,48.214723926380366,3.0,0.8,2000.0,66.0,104.0,53.0,200.0,57.91695652173913,64.16681003584229,96.0,500.0,2
Mt. Spokane Ski and Snowboard Park,Washington,5889,2000,0,0.0,0,0,0,1,5,1,7,52.0,3.0,0.6,1704.0,174.87323943661968,100.0,81.0,300.0,45.0,59.0,103.0,45.0,0
Stevens Pass Resort,Washington,5845,1800,0,0.0,0,3,0,4,3,0,10,52.0,4.0,1.0,1125.0,174.87323943661968,116.0,82.0,460.0,57.91695652173913,64.16681003584229,145.0,450.0,0
The Summit at Snoqualmie,Washington,3865,1025,0,0.0,0,3,3,4,10,7,27,112.0,5.0,0.8,1994.0,5.0,120.0,82.0,428.0,85.0,95.0,140.0,541.0,0
White Pass,Washington,6550,2050,0,0.0,0,2,1,1,2,2,8,45.0,2.0,2.5,1402.0,30.0,148.0,67.0,400.0,69.0,69.0,144.0,90.0,2
Canaan Valley Resort,West Virginia,4280,850,0,0.0,0,0,1,2,0,1,4,47.0,1.0,1.2,95.0,75.0,114.0,48.0,160.0,52.0,68.0,93.0,0.0,0
Snowshoe Mountain Resort,West Virginia,4848,1500,0,0.0,0,3,2,6,0,3,14,60.0,5.0,1.5,257.0,257.0,125.0,46.0,180.0,70.0,87.0,138.0,86.0,0
Timberline Four Seasons,West Virginia,4265,1000,0,0.0,0,0,0,2,1,1,4,40.0,1.0,2.0,100.0,100.0,97.0,37.0,150.0,72.0,92.0,115.0,27.0,0
Winterplace Ski Resort,West Virginia,3600,603,0,0.0,0,0,2,3,2,2,9,27.0,2.0,1.2,90.0,90.0,120.0,36.0,100.0,56.0,72.0,120.0,74.0,0
Alpine Valley Resort,Wisconsin,1040,388,0,0.0,0,3,0,3,1,5,12,21.0,3.0,0.2,90.0,90.0,100.0,55.0,80.0,56.0,65.0,120.0,90.0,1
Cascade Mountain,Wisconsin,1280,460,0,0.0,0,2,2,3,2,3,12,47.0,4.0,1.1,175.0,175.0,120.0,57.0,56.0,59.0,64.0,120.0,0.0,1
Christie Mountain,Wisconsin,1650,350,0,0.0,0,0,0,0,1,5,6,30.0,4.0,0.8,45.0,41.0,92.0,43.0,48.0,28.0,38.0,120.0,35.0,1
Christmas Mountain,Wisconsin,1250,250,0,0.0,0,0,1,0,0,2,3,16.0,2.8207885304659497,0.4,40.0,40.0,75.0,50.0,20.0,57.91695652173913,64.16681003584229,70.0,40.0,1
Devils Head,Wisconsin,995,500,0,0.0,0,0,3,1,6,2,12,27.0,1.0,1.0,260.0,260.0,110.0,48.0,45.0,45.0,65.0,135.0,200.0,1
Grand Geneva,Wisconsin,1086,211,0,0.0,0,0,0,0,3,3,6,20.0,1.0,0.2,30.0,30.0,90.0,25.0,25.0,28.0,49.0,93.0,30.0,1
Granite Peak Ski Area,Wisconsin,1942,700,0,0.0,1,2,0,2,0,2,7,75.0,4.0,0.6,220.0,160.0,136.0,82.0,75.0,92.0,92.0,135.0,200.0,1
Little Switzerland,Wisconsin,1269,200,0,0.0,0,0,0,0,4,4,8,18.0,3.0,1.0,50.0,50.0,101.26666666666668,63.65653495440729,61.46666666666667,33.0,41.0,108.0,50.0,1
Mount La Crosse,Wisconsin,1110,516,0,0.0,0,0,0,0,3,1,4,19.0,1.0,0.4,100.0,100.0,115.0,60.0,40.0,56.0,56.0,100.0,90.0,1
Nordic Mountain,Wisconsin,1137,265,0,0.0,0,0,0,1,1,5,7,18.0,4.0,1.0,60.0,60.0,68.0,43.0,80.0,57.91695652173913,47.0,90.0,60.0,1
Sunburst,Wisconsin,1100,214,0,0.0,0,0,0,0,3,6,9,13.0,4.0,0.5,37.0,37.0,99.0,59.0,50.0,33.0,44.0,115.0,37.0,1
Trollhaugen,Wisconsin,1200,260,0,0.0,0,0,2,0,1,5,8,24.0,4.0,0.5,86.0,86.0,130.0,69.0,50.0,54.0,54.0,120.0,86.0,1
Tyrol Basin,Wisconsin,1160,300,0,0.0,0,0,0,3,0,2,5,18.0,5.0,0.5,32.0,32.0,112.0,61.0,41.0,17.0,48.0,103.0,32.0,1
Whitecap Mountain,Wisconsin,1750,400,0,0.0,0,0,1,0,4,0,5,43.0,1.0,1.0,400.0,300.0,105.0,57.0,200.0,60.0,60.0,118.0,0.0,1
Wilmot Mountain,Wisconsin,1030,230,0,0.0,0,0,3,2,2,3,10,23.0,2.0,0.5,135.0,135.0,125.0,81.0,70.0,56.0,66.0,139.0,135.0,1
Grand Targhee Resort,Wyoming,9920,2270,0,0.0,0,2,2,0,0,1,5,95.0,1.0,2.7,2602.0,174.87323943661968,152.0,50.0,500.0,90.0,90.0,152.0,0.0,2
Hogadon Basin,Wyoming,8000,640,0,0.0,0,0,0,0,1,1,2,28.0,1.0,0.6,92.0,32.0,121.0,61.0,80.0,48.0,48.0,95.0,0.0,2
Meadowlark Ski Lodge,Wyoming,9500,1000,0,0.0,0,0,0,1,1,1,3,14.0,1.0,1.5,300.0,174.87323943661968,119.33333333333331,9.0,292.7142857142857,57.91695652173913,64.16681003584229,116.0,0.0,2
Sleeping Giant Ski Resort,Wyoming,7428,810,0,0.0,0,0,0,1,1,1,3,48.0,1.0,1.0,184.0,18.0,61.0,81.0,310.0,42.0,42.0,77.0,0.0,2
Snow King Resort,Wyoming,7808,1571,0,0.0,0,0,1,1,1,0,3,32.0,2.0,1.0,400.0,250.0,121.0,80.0,300.0,59.0,59.0,123.0,110.0,2
Snowy Range Ski & Recreation Area,Wyoming,9663,990,0,0.0,0,0,0,1,3,1,5,33.0,2.0,0.7,75.0,30.0,131.0,59.0,250.0,49.0,49.0,116.0,0.0,2
White Pine Ski Area,Wyoming,9500,1100,0,0.0,0,0,0,2,0,0,2,25.0,2.8207885304659497,0.4,370.0,174.87323943661968,119.33333333333331,81.0,150.0,57.91695652173913,49.0,116.0,0.0,2
