summit_elev,vertical_drop,trams,fastEight,fastSixes,fastQuads,quad,triple,double,surface,total_chairs,Runs,TerrainParks,LongestRun_mi,SkiableTerrain_ac,Snow Making_ac,daysOpenLastYear,yearsOpen,averageSnowfall,AdultWeekday,AdultWeekend,projectedDaysOpen,NightSkiing_ac,state_Alaska,state_Arizona,state_California,state_Colorado,state_Connecticut,state_Idaho,state_Illinois,state_Indiana,state_Iowa,state_Maine,state_Maryland,state_Massachusetts,state_Michigan,state_Minnesota,state_Missouri,state_Montana,state_Nevada,state_New Hampshire,state_New Jersey,state_New Mexico,state_New York,state_North Carolina,state_Ohio,state_Oregon,state_Pennsylvania,state_Rhode Island,state_South Dakota,state_Tennessee,state_Utah,state_Vermont,state_Virginia,state_Washington,state_West Virginia,state_Wisconsin,state_Wyoming,cluster_0,cluster_1,cluster_2
-0.8467878529400344,-0.7640691172836657,-0.20513818100678605,0.0,-0.23733569823745043,-0.5011820200392502,3.5118954777015716,-0.9066509494212707,-0.9880072415979517,0.37028118520049697,0.25653018824471685,0.18707620248419468,0.2834565661673602,-0.2038894915044539,-0.5808056440564244,-0.6160701815303868,94.0,-0.03161079457327633,-0.015477129803427876,58.0,78.0,111.0,0.1361042094351685,0,0,0,0,0,0,0,0,0,0,0,0,1,0,0,0,0,0,0,0,0,0,0,0,0,0,0,0,0,0,0,0,0,0,0,0,1,0
1.1500123783529534,2.5698537424349284,-0.20513818100678605,0.0,-0.23733569823745043,1.468251551664282,0.9756948609317568,-0.9066509494212707,-0.9880072415979517,-0.24101142231985004,-0.29829091656362416,0.42479903806877983,0.2834565661673602,0.403000166184098,1.0261369568650758,0.7018276830414741,113.6,-2.523363282435701,1.134926945108649,71.0,71.0,150.0,-0.6966386509247442,0,0,0,0,0,1,0,0,0,0,0,0,0,0,0,0,0,0,0,0,0,0,0,0,0,0,0,0,0,0,0,0,0,0,0,0,0,1
0.02755250689152632,1.463275091124076,-0.20513818100678605,0.0,-0.23733569823745043,1.468251551664282,-0.71510555024812,0.3972439726845773,0.6659168808370194,0.981573792720844,1.0887618454572283,0.9794856544328119,0.9590189361815511,0.8885118923349394,-0.2509595312356955,0.9045812006679144,142.0,-0.20959311513487808,-0.11408319336732017,79.0,93.0,142.0,-0.6966386509247442,0,0,0,0,0,0,0,0,0,0,0,0,0,0,0,0,0,1,0,0,0,0,0,0,0,0,0,0,0,0,0,0,0,0,0,1,0,0
0.3604031614158023,0.7255559902501743,-0.20513818100678605,0.0,-0.23733569823745043,-0.5011820200392502,-0.71510555024812,-0.9066509494212707,1.2172249216486766,1.592866400241191,0.5339407406488873,1.0983470722251045,-0.39210580384683075,2.2236691392497536,0.9246458452279284,-1.0317148926645892,125.0,1.4515752101067383,1.134926945108649,70.0,70.0,144.0,3.074496873848003,0,0,0,0,0,0,0,0,0,0,0,0,0,0,0,0,0,0,0,0,0,0,0,1,0,0,0,0,0,0,0,0,0,0,0,1,0,0
-0.37059275595639873,0.01621070094834572,-0.20513818100678605,0.0,-0.23733569823745043,-0.5011820200392502,0.13029465534181847,-0.9066509494212707,1.7685329624603336,-0.852304029840197,-0.020880364159453674,-0.4072308864772683,-0.39210580384683075,-0.5680232861175851,-0.3947386060549876,0.15439318545008573,93.6,0.14637152598832542,-0.837194326169197,55.0,69.0,100.0,0.3740307409665721,0,0,0,0,0,0,0,0,0,0,0,0,0,0,0,0,0,0,0,0,0,0,0,0,1,0,0,0,0,0,0,0,0,0,0,0,1,0
-0.6569779450224501,-0.6647607767814097,-0.20513818100678605,0.0,-0.23733569823745043,-0.5011820200392502,0.13029465534181847,-0.9066509494212707,-0.43669920078629465,0.37028118520049697,-0.5757014689677947,-1.1600198658284546,-1.0676681738610216,-1.0535350122684266,-0.6349342369295697,-1.0215772167832673,100.0,-1.099504717942887,-0.9933205934786932,40.0,45.0,100.0,-0.33974885362763874,0,0,0,0,0,0,0,0,0,0,0,0,0,0,0,0,0,0,0,0,0,0,0,0,1,0,0,0,0,0,0,0,0,0,0,0,1,0
1.1317906271928653,1.1511631638312714,-0.20513818100678605,0.0,-0.23733569823745043,0.483534765812516,-0.71510555024812,1.7011388947904251,-0.9880072415979517,-0.852304029840197,-0.29829091656362416,0.5436604558610725,-0.39210580384683075,2.466425002325175,2.5485036314222866,-1.3054321414602834,126.0,0.027716645613924257,1.2992703843818028,70.0,70.0,131.125,-0.6966386509247442,0,0,0,0,0,1,0,0,0,0,0,0,0,0,0,0,0,0,0,0,0,0,0,0,0,0,0,0,0,0,0,0,0,0,0,0,0,1
0.2838718065434323,0.7255559902501743,-0.20513818100678605,0.0,-0.23733569823745043,2.4529683375160483,0.9756948609317568,3.005033816896273,-0.9880072415979517,0.37028118520049697,1.9209935026697398,0.9002447092379502,1.634581306195742,0.403000166184098,-0.2644916794539818,1.2796752082768286,125.0,-0.6842126366324828,0.14886630946972595,70.0,87.0,138.0,0.32644543466029136,0,0,0,0,0,0,0,0,0,0,0,0,0,0,0,0,0,0,0,0,0,0,0,0,0,0,0,0,0,0,0,0,1,0,0,1,0,0
0.9981644520188859,0.5836869323898086,-0.20513818100678605,0.0,-0.23733569823745043,-0.5011820200392502,-0.71510555024812,-0.9066509494212707,0.11460884002536238,-0.852304029840197,-1.1305225737761357,-0.05064663310039051,0.16238804107521118,-0.9321570807307161,1.2325022171939422,0.44710072850234056,60.0,0.7989733680475319,1.075165694463866,43.0,43.0,131.125,-0.6966386509247442,0,0,0,0,0,1,0,0,0,0,0,0,0,0,0,0,0,0,0,0,0,0,0,0,0,0,0,0,0,0,0,0,0,0,0,0,0,1
1.3018603046870212,1.1511631638312714,-0.20513818100678605,0.0,-0.23733569823745043,-0.5011820200392502,-0.71510555024812,-0.9066509494212707,1.7685329624603336,0.37028118520049697,0.25653018824471685,1.256828962614828,-0.39210580384683075,1.6167794815612018,2.345521408147992,0.44710072850234056,84.0,1.3922477699195377,1.3403562442000911,46.0,46.0,80.0,-0.6966386509247442,0,0,0,0,0,0,0,0,0,0,0,0,0,0,0,1,0,0,0,0,0,0,0,0,0,0,0,0,0,0,0,0,0,0,0,0,0,1
-0.9955988207474207,-0.9641044888667814,-0.20513818100678605,0.0,-0.23733569823745043,-0.5011820200392502,-0.71510555024812,-0.9066509494212707,-0.43669920078629465,0.37028118520049697,-0.8531120213719652,-0.8430560850490078,-1.0676681738610216,0.32195705497276533,-0.5977208293292824,-0.717446940343607,111.83333333333331,-2.2860535216868985,-0.6335910652919009,40.0,45.0,117.42857142857143,-0.6966386509247442,0,0,0,0,0,0,0,0,0,0,0,1,0,0,0,0,0,0,0,0,0,0,0,0,0,0,0,0,0,0,0,0,0,0,0,0,1,0
-0.09514061758640024,-0.5470094587573061,-0.20513818100678605,0.0,-0.23733569823745043,-0.5011820200392502,0.9756948609317568,1.0491914337375012,0.11460884002536238,-0.24101142231985004,0.5339407406488873,-0.4072308864772683,-0.39210580384683075,0.03886637157096681,-0.5469752735107086,-0.4133166639039467,120.0,-1.2774870385044887,-0.5085074476228894,56.0,72.0,120.0,0.1836895157414492,0,0,0,0,0,0,0,0,0,0,0,0,0,0,0,0,0,0,0,0,0,0,0,0,0,0,0,0,0,0,0,0,1,0,0,1,0,0
0.10681712443790957,0.01621070094834572,-0.20513818100678605,0.0,-0.23733569823745043,-0.5011820200392502,-0.71510555024812,0.3972439726845773,-0.43669920078629465,-0.852304029840197,-0.8531120213719652,0.10783525728933294,-1.0676681738610216,1.00988982387265,-0.5300600882378508,-0.3119399050907266,97.0,-1.2181595983172882,-0.09764884944000479,72.0,92.0,115.0,-0.3754378333573493,0,0,0,0,0,0,0,0,0,0,0,0,0,0,0,0,0,0,0,0,0,0,0,0,0,0,0,0,0,0,0,0,1,0,0,1,0,0
0.5866565716535629,1.1511631638312714,-0.20513818100678605,0.0,-0.23733569823745043,2.4529683375160483,-0.71510555024812,1.7011388947904251,0.6659168808370194,-1.463596637360544,0.8113512930530579,0.5832809284585033,0.9590189361815511,-0.2038894915044539,1.2037464022300837,0.44710072850234056,116.0,1.4515752101067383,2.4496744592938797,57.91695652173913,64.16681003584229,145.0,4.6567083085318375,0,0,0,0,0,0,0,0,0,0,0,0,0,0,0,0,0,0,0,0,0,0,0,0,0,0,0,0,0,0,0,1,0,0,0,1,0,0
-0.5051300186883826,-0.33846194370256855,-0.20513818100678605,0.0,-0.23733569823745043,2.4529683375160483,6.048096094471386,-0.9066509494212707,-0.9880072415979517,-0.24101142231985004,1.6435829502655694,0.9002447092379502,1.634581306195742,-0.2038894915044539,-0.20867156805355072,1.3709142912087267,116.0,0.2650264063627266,0.14886630946972595,65.0,78.0,129.0,1.55176707204702,0,0,0,0,0,0,0,0,0,0,0,0,0,0,0,0,0,0,0,0,1,0,0,0,0,0,0,0,0,0,0,0,0,0,0,0,1,0
-0.8543802492567378,-0.6789476825674463,-0.20513818100678605,0.0,-0.23733569823745043,-0.5011820200392502,1.8210950665216952,-0.25470348836834666,-0.9880072415979517,-0.24101142231985004,-0.29829091656362416,-0.5657127768669917,0.2834565661673602,-0.2038894915044539,-0.5537413476198518,-0.4538673674292347,91.0,-0.32824799550927924,-1.0837094850789277,50.0,60.0,90.0,0.32644543466029136,0,0,0,0,0,0,0,0,0,0,0,0,0,0,0,0,0,0,0,0,0,0,0,0,1,0,0,0,0,0,0,0,0,0,0,0,1,0
-0.6417931523890433,-0.6222000594233,-0.20513818100678605,0.0,-0.23733569823745043,-0.5011820200392502,-0.71510555024812,-0.9066509494212707,0.6659168808370194,-1.463596637360544,-1.1305225737761357,-0.9222970302438696,0.16238804107521118,-1.0535350122684266,-0.6400087925114271,-1.0418525685459112,108.36363636363636,0.3243538465499272,-0.5906791672594662,45.0,45.0,112.125,-0.6966386509247442,0,0,0,0,0,0,0,0,0,0,0,0,0,0,0,0,0,0,0,0,1,0,0,0,0,0,0,0,0,0,0,0,0,0,0,0,1,0
-0.7207540740827584,-0.920125080930068,-0.20513818100678605,0.0,-0.23733569823745043,-0.5011820200392502,-0.71510555024812,-0.25470348836834666,-0.9880072415979517,-0.852304029840197,-1.4079331261803063,-1.080778920633593,0.16238804107521118,-0.8107791491930059,-0.6315511998749982,-0.9708888373766572,75.0,-0.5655577562580816,-0.5085074476228894,30.0,33.0,90.0,-0.2802672207447878,0,0,0,0,0,0,0,0,0,0,0,0,0,0,0,0,0,0,0,0,0,0,0,0,1,0,0,0,0,0,0,0,0,0,0,0,1,0
1.7574040836892237,1.1511631638312714,-0.20513818100678605,0.0,4.667602065336526,-0.5011820200392502,0.9756948609317568,0.3972439726845773,-0.9880072415979517,-0.24101142231985004,0.25653018824471685,1.0983470722251045,1.634581306195742,1.6167794815612018,1.330610291776518,2.0197255476133353,152.0,-0.1502656749476775,1.5457855432915335,135.0,135.0,150.0,-0.6966386509247442,0,0,0,0,0,0,0,0,0,0,0,0,0,0,0,0,1,0,0,0,0,0,0,0,0,0,0,0,0,0,0,0,0,0,0,0,0,1
1.2866755120536144,1.9740036994213925,-0.20513818100678605,0.0,-0.23733569823745043,-0.5011820200392502,-0.71510555024812,2.3530863558433492,0.11460884002536238,-0.852304029840197,0.25653018824471685,1.4549313256019822,-1.0676681738610216,0.403000166184098,3.360432524519466,-1.0722655961898773,116.0,-0.6842126366324828,0.518639047834322,49.0,49.0,116.0,-0.6966386509247442,0,0,0,0,0,0,0,0,0,0,0,0,0,0,0,1,0,0,0,0,0,0,0,0,0,0,0,0,0,0,0,0,0,0,0,0,0,1
-0.7763304151210272,-0.5512655304931171,-0.20513818100678605,0.0,-0.23733569823745043,-0.5011820200392502,-0.71510555024812,-0.25470348836834666,0.11460884002536238,-0.852304029840197,-0.8531120213719652,-0.09026710569782137,0.2834565661673602,-0.5680232861175851,-0.4133453098551313,0.12398015780611972,139.0,0.14637152598832542,0.3953814683794567,57.91695652173913,64.16681003584229,135.0,0.36213441439000194,0,0,0,0,0,0,0,0,0,0,0,0,1,0,0,0,0,0,0,0,0,0,0,0,0,0,0,0,0,0,0,0,0,0,0,0,1,0
1.4233386457542752,0.86742504811054,-0.20513818100678605,0.0,-0.23733569823745043,-0.5011820200392502,-0.71510555024812,-0.25470348836834666,0.6659168808370194,-0.852304029840197,-0.5757014689677947,0.42479903806877983,-0.39210580384683075,-0.4466453545798746,0.08565265569417668,0.44710072850234056,120.0,1.3922477699195377,1.956644141474418,50.0,50.0,120.0,-0.6966386509247442,0,0,0,0,0,0,0,0,0,0,0,0,0,0,0,0,0,0,0,0,0,0,0,0,0,0,0,0,1,0,0,0,0,0,0,0,0,1
0.42114233194942935,0.29994881666907713,-0.20513818100678605,0.0,2.2151331835495376,-0.5011820200392502,-0.71510555024812,-0.25470348836834666,1.2172249216486766,-0.24101142231985004,0.25653018824471685,-0.6449537220618534,-1.0676681738610216,0.403000166184098,-0.487772125055706,-0.05849800805767643,114.0,-0.44690287588368044,-0.6975024027870163,45.0,75.0,120.0,0.433512373849423,0,0,0,0,0,0,0,0,0,0,0,0,0,0,0,0,0,0,0,0,0,1,0,0,0,0,0,0,0,0,0,0,0,0,0,1,0,0
-0.9485259635838597,-1.0307829460611533,-0.20513818100678605,0.0,-0.23733569823745043,-0.5011820200392502,0.9756948609317568,-0.9066509494212707,0.11460884002536238,-0.24101142231985004,-0.29829091656362416,-0.8826765576464386,-1.0676681738610216,-0.4466453545798746,-0.6518494222024276,-1.0418525685459112,56.0,-1.1588321581300876,-1.0179721093696663,25.0,35.0,86.0,-0.3635415067807791,0,0,0,0,0,0,1,0,0,0,0,0,0,0,0,0,0,0,0,0,0,0,0,0,0,0,0,0,0,0,0,0,0,0,0,0,1,0
0.7552077698843779,-0.040536922195800566,-0.20513818100678605,0.0,-0.23733569823745043,-0.5011820200392502,-0.71510555024812,-0.9066509494212707,0.11460884002536238,-0.24101142231985004,-0.8531120213719652,-0.5657127768669917,-1.0676681738610216,-0.9321570807307161,-0.46239934714641917,-0.4741427191918788,105.0,-0.38757543569647984,1.134926945108649,45.0,50.0,105.0,0.9688470697950812,0,0,0,0,0,0,0,0,0,0,0,0,0,0,0,0,0,0,0,0,0,0,0,0,0,0,0,0,1,0,0,0,0,0,0,1,0,0
-0.7329019081894839,-1.0761810445764703,-0.20513818100678605,0.0,-0.23733569823745043,-0.5011820200392502,0.13029465534181847,0.3972439726845773,-0.43669920078629465,-0.852304029840197,-0.5757014689677947,-1.0411584480361622,-1.0676681738610216,-1.174912943806137,-0.5774226070018529,-0.5957948297677429,105.0,-0.2689205553220787,-0.34416400834973554,43.0,43.0,95.0,0.15989686258830885,0,0,0,0,0,0,0,0,0,0,0,0,0,0,0,0,0,0,0,0,0,0,1,0,0,0,0,0,0,0,0,0,0,0,0,0,1,0
1.996716415591714,2.1357344253822093,-0.20513818100678605,0.0,-0.23733569823745043,3.4376851233678143,0.9756948609317568,-0.25470348836834666,-0.43669920078629465,-0.852304029840197,0.5339407406488873,1.6926541611865675,0.16238804107521118,2.2236691392497536,1.330610291776518,0.19494388897537376,161.0,0.2650264063627266,2.7783613378401872,109.0,119.0,148.0,-0.6966386509247442,0,0,0,0,0,0,0,0,0,0,0,0,0,0,0,0,0,0,0,0,0,0,0,0,0,0,0,0,1,0,0,0,0,0,0,0,0,1
0.8818489404469901,1.935699053799094,-0.20513818100678605,0.0,-0.23733569823745043,2.4529683375160483,0.9756948609317568,3.005033816896273,-0.9880072415979517,0.37028118520049697,1.9209935026697398,2.683165976122339,0.9590189361815511,2.5878029338628847,4.375343640890939,4.756898035570278,123.0,0.8583008082347324,1.4060936199093528,81.0,81.0,123.0,6.441157295017365,0,0,0,0,0,0,0,0,0,0,0,0,0,0,0,1,0,0,0,0,0,0,0,0,0,0,0,0,0,0,0,0,0,0,0,0,0,1
1.0285340372856995,2.5372238591270446,-0.20513818100678605,0.0,-0.23733569823745043,5.407118695071347,-0.71510555024812,-0.9066509494212707,1.7685329624603336,-0.24101142231985004,1.6435829502655694,1.8907565241737219,2.310143676209933,2.2236691392497536,2.9375528926980183,0.44710072850234056,118.0,-0.38757543569647984,2.203159300384149,57.91695652173913,64.16681003584229,160.0,1.3257368670921865,0,0,0,0,0,0,0,0,0,0,0,0,0,0,0,0,0,0,0,0,0,0,0,1,0,0,0,0,0,0,0,0,0,0,0,0,0,1
-1.0608934290710696,-1.1045548561485434,-0.20513818100678605,0.0,-0.23733569823745043,-0.5011820200392502,-0.71510555024812,-0.25470348836834666,-0.9880072415979517,0.37028118520049697,-0.8531120213719652,-1.0411584480361622,-1.0676681738610216,-1.174912943806137,-0.6230936072385692,-0.869512078563437,105.0,-0.44690287588368044,-0.6728508868960432,57.91695652173913,64.16681003584229,120.0,-0.2445782410150773,0,0,0,0,0,0,0,0,0,0,0,1,0,0,0,0,0,0,0,0,0,0,0,0,0,0,0,0,0,0,0,0,0,0,0,0,1,0
1.6711544615314733,2.002377510993466,-0.20513818100678605,0.0,-0.23733569823745043,1.468251551664282,-0.71510555024812,-0.25470348836834666,0.6659168808370194,-0.852304029840197,-0.020880364159453674,1.2964494352122589,-0.39210580384683075,1.6167794815612018,2.0664208511458364,3.7025797439127888,142.0,0.08704408580112484,0.7240683469257644,67.0,67.0,136.0,-0.6966386509247442,0,0,0,0,0,0,0,0,0,0,0,0,0,0,0,1,0,0,0,0,0,0,0,0,0,0,0,0,0,0,0,0,0,0,0,0,0,1
-0.8361584980966498,-0.9768727040742142,-0.20513818100678605,0.0,-0.23733569823745043,-0.5011820200392502,-0.71510555024812,1.0491914337375012,-0.9880072415979517,-0.24101142231985004,-0.5757014689677947,-0.7638151398541461,1.634581306195742,-0.8107791491930059,-0.6450833480932845,-1.0013018650206231,112.0,0.20569896617552602,-0.9933205934786932,17.0,48.0,103.0,-0.3159562004744984,0,0,0,0,0,0,0,0,0,0,0,0,0,0,0,0,0,0,0,0,0,0,0,0,0,0,0,0,0,0,0,0,0,1,0,0,1,0
-1.036597760857619,-1.2606108197949457,-0.20513818100678605,0.0,-0.23733569823745043,-0.5011820200392502,-0.71510555024812,-0.9066509494212707,-0.9880072415979517,2.815451615281885,-0.020880364159453674,-1.1996403384258856,-1.0676681738610216,-1.2962908753438473,-0.6839882742208576,-1.2344684102910295,78.0,0.027716645613924257,-1.1330125168608738,57.91695652173913,64.16681003584229,70.0,-0.5895717117356125,0,0,0,0,0,0,1,0,0,0,0,0,0,0,0,0,0,0,0,0,0,0,0,0,0,0,0,0,0,0,0,0,0,0,0,0,1,0
1.4111908116475498,1.7186393952727343,-0.20513818100678605,0.0,-0.23733569823745043,-0.5011820200392502,-0.71510555024812,1.0491914337375012,-0.9880072415979517,-1.463596637360544,-1.1305225737761357,0.662521873653365,-0.39210580384683075,0.1602443031086773,1.161458439047939,-1.0215772167832673,85.0,0.7396459278603313,0.7240683469257644,47.0,47.0,91.0,-0.33974885362763874,0,0,0,0,0,1,0,0,0,0,0,0,0,0,0,0,0,0,0,0,0,0,0,0,0,0,0,0,0,0,0,0,0,0,0,0,0,1
-0.8431435027080169,-1.0265268743253422,-0.20513818100678605,0.0,-0.23733569823745043,-0.5011820200392502,-0.71510555024812,-0.25470348836834666,-0.43669920078629465,1.592866400241191,-0.020880364159453674,-0.7638151398541461,0.9590189361815511,-0.2038894915044539,-0.5977208293292824,-0.717446940343607,68.0,-0.8621949571940846,-0.6728508868960432,57.91695652173913,47.0,90.0,0.017140943669466675,0,0,0,0,0,0,0,0,0,0,0,0,0,0,0,0,0,0,0,0,0,0,0,0,0,0,0,0,0,0,0,0,0,1,0,0,1,0
1.3018603046870212,0.86742504811054,-0.20513818100678605,0.0,-0.23733569823745043,-0.5011820200392502,0.13029465534181847,0.3972439726845773,1.7685329624603336,0.981573792720844,1.3661723978613989,1.1775880174199662,1.634581306195742,1.00988982387265,0.758877029553921,0.44710072850234056,151.57894736842104,0.6803184876731307,1.5457855432915335,78.0,78.0,140.0,-0.6966386509247442,0,0,1,0,0,0,0,0,0,0,0,0,0,0,0,0,0,0,0,0,0,0,0,0,0,0,0,0,0,0,0,0,0,0,0,0,0,1
-0.6417931523890433,0.01621070094834572,-0.20513818100678605,0.0,-0.23733569823745043,-0.5011820200392502,1.8210950665216952,-0.25470348836834666,-0.43669920078629465,2.204159007761538,1.0887618454572283,-0.6053332494644226,-0.39210580384683075,0.403000166184098,-0.5131449029649928,-0.21056314627750655,107.0,-0.09093823476047691,-0.385249868168024,25.0,60.0,110.0,-0.6966386509247442,0,0,0,0,0,0,0,0,0,0,0,1,0,0,0,0,0,0,0,0,0,0,0,0,0,0,0,0,0,0,0,0,0,0,0,0,1,0
-0.9667477147439478,-0.9768727040742142,-0.20513818100678605,0.0,-0.23733569823745043,-0.5011820200392502,-0.71510555024812,-0.9066509494212707,-0.43669920078629465,0.981573792720844,-0.5757014689677947,-1.0015379754387312,-0.39210580384683075,-1.174912943806137,-0.6146360146021402,-0.8188236991568271,126.0,-0.03161079457327633,-0.7550226065326201,42.0,42.0,180.0,-0.2802672207447878,0,0,0,0,1,0,0,0,0,0,0,0,0,0,0,0,0,0,0,0,0,0,0,0,0,0,0,0,0,0,0,0,0,0,0,0,1,0
-0.011624258102663102,1.4391573512878137,4.197442780600391,0.0,9.572539828910502,0.483534765812516,0.9756948609317568,-0.25470348836834666,-0.43669920078629465,-0.852304029840197,1.0887618454572283,2.445443140537754,0.9590189361815511,2.2236691392497536,0.43410547231504937,3.4795508745237043,155.0,0.027716645613924257,0.14886630946972595,57.91695652173913,64.16681003584229,160.0,-0.6966386509247442,0,0,0,0,0,0,0,0,0,0,0,0,0,0,0,0,0,0,0,0,0,0,0,0,0,0,0,0,0,1,0,0,0,0,0,1,0,0
-0.7632714934562973,-0.6931345883534829,-0.20513818100678605,0.0,-0.23733569823745043,-0.5011820200392502,-0.71510555024812,-0.9066509494212707,0.11460884002536238,0.981573792720844,-0.29829091656362416,-0.6449537220618534,0.16238804107521118,-1.0535350122684266,-0.656923977784285,-1.1635046791217754,108.36363636363636,-0.1502656749476775,0.14886630946972595,31.0,39.0,112.125,-0.5181937522761915,0,0,0,0,0,0,0,0,0,0,0,0,0,0,0,0,0,0,0,0,1,0,0,0,0,0,0,0,0,0,0,0,0,0,0,0,1,0
-0.6417931523890433,-0.076004186660892,-0.20513818100678605,0.0,-0.23733569823745043,0.483534765812516,1.8210950665216952,-0.9066509494212707,0.11460884002536238,-0.24101142231985004,0.25653018824471685,-0.5657127768669917,-0.39210580384683075,-0.2038894915044539,-0.496229717692135,-0.10918638746428647,116.0,-1.7521065600020933,-1.0015377654423507,69.0,71.0,100.0,0.7309205382636775,0,0,0,0,0,0,0,0,0,0,0,0,0,0,0,0,0,0,0,0,0,0,0,0,1,0,0,0,0,0,0,0,0,0,0,0,1,0
1.0992951709573748,0.2290142877388943,-0.20513818100678605,0.0,-0.23733569823745043,-0.5011820200392502,-0.71510555024812,0.3972439726845773,0.11460884002536238,-0.852304029840197,-0.5757014689677947,-0.5657127768669917,-0.39210580384683075,-0.2038894915044539,-0.327077864963556,0.44710072850234056,94.0,-0.1502656749476775,1.134926945108649,45.0,52.0,92.0,-0.22078558786193694,0,0,0,0,0,0,0,0,0,0,0,0,0,0,0,0,0,0,0,0,0,0,0,1,0,0,0,0,0,0,0,0,0,0,0,0,0,1
1.3170450973204277,1.6477048663425513,-0.20513818100678605,0.0,-0.23733569823745043,-0.5011820200392502,0.9756948609317568,0.3972439726845773,-0.9880072415979517,-0.852304029840197,-0.5757014689677947,0.30593762027648724,-1.0676681738610216,-0.6894012176552955,0.06197139631217563,-0.19028779451486252,128.0,-0.44690287588368044,1.2992703843818028,80.0,80.0,129.0,-0.6966386509247442,0,0,0,0,0,0,0,0,0,0,0,0,0,0,0,0,0,0,0,0,0,0,0,0,0,0,0,0,1,0,0,0,0,0,0,0,0,1
-0.7119468943553825,-0.7144149470325377,-0.20513818100678605,0.0,-0.23733569823745043,-0.5011820200392502,0.13029465534181847,0.3972439726845773,-0.43669920078629465,-0.852304029840197,-0.5757014689677947,-0.12988757829525224,-0.39210580384683075,0.03886637157096681,-0.3609082355092718,0.7018276830414741,118.0,1.4515752101067383,-0.1798205690765817,39.0,49.0,130.0,1.0878103355607829,0,0,0,0,0,0,0,0,0,0,0,0,1,0,0,0,0,0,0,0,0,0,0,0,0,0,0,0,0,0,0,0,0,0,0,0,1,0
1.1141762677381135,1.1511631638312714,-0.20513818100678605,0.0,-0.23733569823745043,2.4529683375160483,-0.71510555024812,-0.25470348836834666,0.6659168808370194,0.981573792720844,1.0887618454572283,2.128479359758307,0.2834565661673602,0.403000166184098,3.6987362299766238,0.44710072850234056,134.0,1.1549380091707353,0.7240683469257644,64.0,64.0,130.0,1.2662552342093356,0,0,0,0,0,1,0,0,0,0,0,0,0,0,0,0,0,0,0,0,0,0,0,0,0,0,0,0,0,0,0,0,0,0,0,0,0,1
-0.12551020285321374,0.15807975880871142,-0.20513818100678605,0.0,-0.23733569823745043,-0.5011820200392502,-0.71510555024812,-0.25470348836834666,-0.43669920078629465,-0.24101142231985004,-0.8531120213719652,0.028594312094471216,-1.0676681738610216,1.00988982387265,-0.5131449029649928,-0.5653818021237769,65.0,-1.8707614403764945,0.10778044965143749,50.0,67.0,65.0,-0.6966386509247442,0,0,0,0,0,0,0,0,0,0,0,0,0,0,0,0,0,0,0,0,1,0,0,0,0,0,0,0,0,0,0,0,0,0,0,1,0,0
-0.8240106639899243,-1.0336203272183606,-0.20513818100678605,0.0,-0.23733569823745043,-0.5011820200392502,0.9756948609317568,-0.9066509494212707,-0.43669920078629465,1.592866400241191,0.25653018824471685,-0.5260923042695609,0.9590189361815511,-0.8107791491930059,-0.5537413476198518,-0.4538673674292347,130.0,0.6803184876731307,-0.9193660458057739,54.0,54.0,120.0,0.32644543466029136,0,0,0,0,0,0,0,0,0,0,0,0,0,0,0,0,0,0,0,0,0,0,0,0,0,0,0,0,0,0,0,0,0,1,0,0,1,0
1.3018603046870212,0.29994881666907713,-0.20513818100678605,0.0,-0.23733569823745043,1.468251551664282,-0.71510555024812,1.7011388947904251,1.7685329624603336,1.592866400241191,2.475814607478081,-0.4072308864772683,2.310143676209933,0.03886637157096681,-0.2932474944178402,1.1073347182943545,151.57894736842104,0.5616636072987296,-0.5085074476228894,57.91695652173913,64.16681003584229,130.0,1.0878103355607829,0,0,1,0,0,0,0,0,0,0,0,0,0,0,0,0,0,0,0,0,0,0,0,0,0,0,0,0,0,0,0,0,0,0,0,0,0,1
0.2389248203485483,-0.3810226610606783,-0.20513818100678605,0.0,-0.23733569823745043,-0.5011820200392502,0.13029465534181847,-0.9066509494212707,-0.43669920078629465,-0.24101142231985004,-0.8531120213719652,-0.8826765576464386,-1.0676681738610216,-0.6894012176552955,-0.5892632366928534,-0.6667585609369969,101.2,-0.506230316070881,-0.7961084663509086,42.0,65.0,100.0,0.017140943669466675,0,0,0,0,0,0,0,0,0,0,0,0,0,0,0,0,0,0,0,0,0,1,0,0,0,0,0,0,0,0,0,0,0,0,0,1,0,0
-0.8088258713565176,-0.7640691172836657,-0.20513818100678605,0.0,-0.23733569823745043,-0.5011820200392502,0.13029465534181847,-0.9066509494212707,0.11460884002536238,-0.24101142231985004,-0.5757014689677947,-0.9222970302438696,-1.0676681738610216,-0.2038894915044539,-0.5824971625837102,-0.6262078574117089,100.0,1.5109026502939389,-0.9193660458057739,35.0,54.0,100.0,0.12420788285859831,0,0,0,0,0,0,0,0,0,0,0,0,0,0,0,0,0,0,0,0,1,0,0,0,0,0,0,0,0,0,0,0,0,0,0,0,1,0
2.364795789025494,0.29994881666907713,-0.20513818100678605,0.0,-0.23733569823745043,-0.5011820200392502,-0.71510555024812,-0.25470348836834666,-0.43669920078629465,-0.24101142231985004,-0.8531120213719652,0.1474557298867638,-1.0676681738610216,-0.2038894915044539,-0.022604530052113856,0.44710072850234056,130.0,0.9769556886091336,0.8062400665623413,56.0,56.0,130.0,-0.6966386509247442,0,0,0,1,0,0,0,0,0,0,0,0,0,0,0,0,0,0,0,0,0,0,0,0,0,0,0,0,0,0,0,0,0,0,0,0,0,1
-0.8619726455734412,-1.1542090263996714,-0.20513818100678605,0.0,-0.23733569823745043,-0.5011820200392502,0.9756948609317568,-0.25470348836834666,-0.9880072415979517,1.592866400241191,0.25653018824471685,-0.9222970302438696,-1.0676681738610216,-0.2038894915044539,-0.6400087925114271,-0.9708888373766572,110.0,0.20569896617552602,-0.8782801859874855,35.34,35.34,115.0,-0.2802672207447878,0,0,0,0,0,0,0,0,0,0,0,0,0,1,0,0,0,0,0,0,0,0,0,0,0,0,0,0,0,0,0,0,0,0,0,0,1,0
2.4267497429697933,0.8730998104249547,-0.20513818100678605,0.0,-0.23733569823745043,2.4529683375160483,0.13029465534181847,0.3972439726845773,-0.43669920078629465,0.37028118520049697,0.8113512930530579,3.277473065083802,0.16238804107521118,1.00988982387265,2.0072177026908338,-1.2750191138163174,130.0,1.332920329732337,2.203159300384149,72.0,72.0,150.0,-0.6966386509247442,0,0,0,1,0,0,0,0,0,0,0,0,0,0,0,0,0,0,0,0,0,0,0,0,0,0,0,0,0,0,0,0,0,0,0,0,0,1
-0.5810539818554163,-0.4093964726327514,-0.20513818100678605,0.0,-0.23733569823745043,-0.5011820200392502,-0.71510555024812,-0.25470348836834666,-0.43669920078629465,0.37028118520049697,-0.5757014689677947,-0.6053332494644226,-0.39210580384683075,-0.9321570807307161,-0.5554328661471376,0.44710072850234056,108.36363636363636,0.502336167111529,-0.2619922887131586,55.0,55.0,122.0,0.17179318916487904,0,0,0,0,0,0,0,0,0,0,0,0,0,0,0,0,0,0,0,0,1,0,0,0,0,0,0,0,0,0,0,0,0,0,0,0,1,0
-0.5983646454575,-0.027768706988367652,-0.20513818100678605,0.0,-0.23733569823745043,-0.5011820200392502,0.13029465534181847,-0.9066509494212707,-0.43669920078629465,-0.24101142231985004,-0.8531120213719652,-0.3676104138798374,-1.0676681738610216,-0.0825115599667434,-0.5182194585468503,-0.7782729956315391,104.0,0.3243538465499272,-0.5085074476228894,50.0,50.0,105.0,-0.6966386509247442,0,0,0,0,0,0,0,0,0,0,0,0,0,0,0,0,0,1,0,0,0,0,0,0,0,0,0,0,0,0,0,0,0,0,0,0,1,0
0.1462975852847671,1.9456298878493195,8.600023742207568,0.0,-0.23733569823745043,-0.5011820200392502,2.6664952721116335,0.3972439726845773,0.11460884002536238,-0.24101142231985004,1.3661723978613989,3.1189911746940786,0.16238804107521118,3.0733146600137267,0.12117454476717827,2.6077107487300117,155.0,1.6888849708555407,1.2499673525998565,57.91695652173913,64.16681003584229,137.0,-0.6966386509247442,0,0,0,0,0,0,0,0,0,0,0,0,0,0,0,0,0,0,0,0,0,0,0,0,0,0,0,0,0,1,0,0,0,0,0,1,0,0
-0.6387561938623619,-0.6222000594233,-0.20513818100678605,0.0,-0.23733569823745043,-0.5011820200392502,-0.71510555024812,-0.9066509494212707,0.6659168808370194,-1.463596637360544,-1.1305225737761357,-0.9222970302438696,-1.0676681738610216,-0.2038894915044539,0.5521755346554108,0.44710072850234056,93.6,-0.6248851964452822,-0.882845281522851,57.91695652173913,64.16681003584229,40.0,-0.6966386509247442,0,0,0,0,0,0,0,0,0,0,0,0,0,0,0,0,0,0,0,0,0,0,0,0,1,0,0,0,0,0,0,0,0,0,0,0,1,0
1.7461673371405027,0.0020237951623091467,-0.20513818100678605,0.0,-0.23733569823745043,-0.5011820200392502,-0.71510555024812,-0.25470348836834666,0.6659168808370194,-0.852304029840197,-0.5757014689677947,-0.1695080508926831,-0.39210580384683075,-0.5680232861175851,-0.5723480514199956,-1.0215772167832673,131.0,0.08704408580112484,0.7240683469257644,49.0,49.0,116.0,-0.6966386509247442,0,0,0,0,0,0,0,0,0,0,0,0,0,0,0,0,0,0,0,0,0,0,0,0,0,0,0,0,0,0,0,0,0,0,1,0,0,1
-0.6767181754458789,-0.7427887586046108,-0.20513818100678605,0.0,-0.23733569823745043,-0.5011820200392502,-0.71510555024812,-0.9066509494212707,0.6659168808370194,-0.24101142231985004,-0.5757014689677947,-0.32798994128240655,-0.39210580384683075,-0.8107791491930059,-0.47593149536470547,-0.6160701815303868,111.83333333333331,1.5109026502939389,-0.9193660458057739,20.0,45.0,117.42857142857143,0.1361042094351685,0,0,0,0,0,0,0,0,0,0,0,1,0,0,0,0,0,0,0,0,0,0,0,0,0,0,0,0,0,0,0,0,0,0,0,0,1,0
-1.036597760857619,-1.1471155735066532,-0.20513818100678605,0.0,-0.23733569823745043,-0.5011820200392502,0.13029465534181847,-0.9066509494212707,-0.9880072415979517,2.204159007761538,-0.020880364159453674,-1.1996403384258856,-1.0676681738610216,-1.2962908753438473,-0.6738391630571429,-1.1736423550030974,73.66666666666667,-0.2689205553220787,-1.124795344897216,40.0,40.0,70.0,-0.5181937522761915,0,0,0,0,0,0,1,0,0,0,0,0,0,0,0,0,0,0,0,0,0,0,0,0,0,0,0,0,0,0,0,0,0,0,0,0,1,0
-0.6417931523890433,-0.4093964726327514,-0.20513818100678605,0.0,-0.23733569823745043,-0.5011820200392502,-0.71510555024812,-0.9066509494212707,-0.43669920078629465,0.37028118520049697,-0.8531120213719652,-0.2883694686849757,-1.0676681738610216,-0.2038894915044539,-0.5554328661471376,-0.717446940343607,105.0,0.38368128673712776,-0.4263357279863124,30.0,45.0,105.0,-0.04234068921338423,0,0,0,0,0,0,0,0,0,0,0,0,0,0,0,0,0,1,0,0,0,0,0,0,0,0,0,0,0,0,0,0,0,0,0,0,1,0
-0.8446619819713576,-0.87047091067894,-0.20513818100678605,0.0,-0.23733569823745043,0.483534765812516,1.8210950665216952,0.3972439726845773,-0.9880072415979517,-0.24101142231985004,0.25653018824471685,0.8210037640430885,0.2834565661673602,-1.0535350122684266,-0.5266770511832792,-0.35249060861601467,120.0,0.3243538465499272,-0.24555794478584322,54.0,64.0,135.0,-0.03044436263681405,0,0,0,0,0,0,0,0,0,0,0,0,1,0,0,0,0,0,0,0,0,0,0,0,0,0,0,0,0,0,0,0,0,0,0,0,1,0
-0.8528617699933971,-0.9059381751440314,-0.20513818100678605,0.0,-0.23733569823745043,0.483534765812516,0.9756948609317568,1.0491914337375012,-0.43669920078629465,2.204159007761538,1.6435829502655694,-0.7241946672567152,0.16238804107521118,-1.2962908753438473,-0.5300600882378508,-0.3119399050907266,103.8695652173913,0.3243538465499272,-0.9851034215150355,37.0,45.0,102.0,0.4929940067322739,0,0,0,0,0,0,0,0,0,0,0,0,1,0,0,0,0,0,0,0,0,0,0,0,0,0,0,0,0,0,0,0,0,0,0,0,1,0
-1.092781493601224,-1.0549006858974155,-0.20513818100678605,0.0,-0.23733569823745043,-0.5011820200392502,-0.71510555024812,-0.9066509494212707,0.11460884002536238,-0.24101142231985004,-0.8531120213719652,-0.9619175028413004,-1.0676681738610216,-1.174912943806137,-0.648466385147856,-1.0215772167832673,100.0,-0.20959311513487808,-1.0015377654423507,57.91695652173913,64.16681003584229,100.0,-0.33974885362763874,0,0,0,0,0,0,0,0,0,0,0,0,0,0,0,0,0,0,0,0,0,0,0,0,0,1,0,0,0,0,0,0,0,0,0,0,1,0
1.9824427105163116,0.5978738381758452,-0.20513818100678605,0.0,-0.23733569823745043,-0.5011820200392502,0.13029465534181847,-0.25470348836834666,0.6659168808370194,-0.852304029840197,-0.29829091656362416,0.30593762027648724,-0.39210580384683075,-0.6894012176552955,0.5694269544979126,-0.9708888373766572,89.0,0.2650264063627266,0.009174386087545198,49.0,49.0,117.0,-0.6966386509247442,0,0,0,0,0,0,0,0,0,0,0,0,0,0,0,0,0,0,0,1,0,0,0,0,0,0,0,0,0,0,0,0,0,0,0,0,0,1
-0.19110850702953092,0.4900533542019672,-0.20513818100678605,0.0,-0.23733569823745043,0.483534765812516,0.13029465534181847,-0.9066509494212707,1.2172249216486766,0.37028118520049697,0.5339407406488873,0.385178565471349,-1.0676681738610216,1.6167794815612018,-0.39812164310955916,0.2253569166193398,136.69230769230768,1.5109026502939389,0.05026024590583365,87.0,91.0,152.0,-0.6966386509247442,0,0,0,0,0,0,0,0,0,0,0,0,0,0,0,0,0,0,0,0,0,0,0,0,0,0,0,0,0,1,0,0,0,0,0,1,0,0
1.4537082310210887,2.286115626714197,-0.20513818100678605,0.0,-0.23733569823745043,-0.5011820200392502,0.13029465534181847,3.005033816896273,-0.43669920078629465,0.37028118520049697,1.0887618454572283,2.683165976122339,-0.39210580384683075,0.403000166184098,2.68382511360515,-0.3119399050907266,122.0,0.38368128673712776,1.5457855432915335,63.0,63.0,133.0,-0.6966386509247442,0,0,0,0,0,0,0,0,0,0,0,0,0,0,0,1,0,0,0,0,0,0,0,0,0,0,0,0,0,0,0,0,0,0,0,0,0,1
-0.6114235671222298,0.5127524034596257,-0.20513818100678605,0.0,-0.23733569823745043,-0.5011820200392502,0.13029465534181847,0.3972439726845773,-0.43669920078629465,-0.24101142231985004,-0.29829091656362416,0.22669667508162553,0.2834565661673602,-0.4466453545798746,-0.294939012945126,1.0465086630064224,97.0,1.3922477699195377,-0.4263357279863124,55.0,75.0,103.0,0.6119572724979757,0,0,0,0,0,0,0,0,0,1,0,0,0,0,0,0,0,0,0,0,0,0,0,0,0,0,0,0,0,0,0,0,0,0,0,0,1,0
-0.14069499548662048,-1.11874176193458,-0.20513818100678605,0.0,-0.23733569823745043,-0.5011820200392502,0.13029465534181847,-0.9066509494212707,-0.9880072415979517,-0.24101142231985004,-1.1305225737761357,0.4333065015099459,-1.0676681738610216,-0.2038894915044539,-0.6856797927481434,-1.2446060861723514,53.0,-0.1502656749476775,-1.1330125168608738,40.0,43.0,60.0,-0.6014680383121828,0,0,0,0,0,0,0,0,0,0,0,0,0,0,0,0,0,0,0,0,0,1,0,0,0,0,0,0,0,0,0,0,0,0,0,1,0,0
-0.6964584058693076,-0.9910596098602509,-0.20513818100678605,0.0,-0.23733569823745043,-0.5011820200392502,0.13029465534181847,0.3972439726845773,-0.9880072415979517,0.37028118520049697,-0.29829091656362416,-0.8826765576464386,-0.39210580384683075,-1.174912943806137,-0.6400087925114271,-0.9708888373766572,100.0,-1.1588321581300876,-0.8782801859874855,45.0,45.0,110.0,-0.2802672207447878,0,0,0,0,0,0,0,0,0,0,0,0,0,1,0,0,0,0,0,0,0,0,0,0,0,0,0,0,0,0,0,0,0,0,0,0,1,0
-0.8619726455734412,-0.5157982660280257,-0.20513818100678605,0.0,-0.23733569823745043,-0.5011820200392502,-0.71510555024812,1.0491914337375012,-0.9880072415979517,-0.24101142231985004,-0.5757014689677947,-0.8430560850490078,-0.39210580384683075,-0.2038894915044539,-0.5808056440564244,-0.6160701815303868,84.0,-0.44690287588368044,-0.9604519056240624,62.0,62.0,95.0,0.08851890312888776,0,0,0,0,1,0,0,0,0,0,0,0,0,0,0,0,0,0,0,0,0,0,0,0,0,0,0,0,0,0,0,0,0,0,0,0,1,0
-0.886268313786892,-0.6931345883534829,-0.20513818100678605,0.0,-0.23733569823745043,-0.5011820200392502,1.8210950665216952,-0.25470348836834666,2.319841003271991,-0.24101142231985004,1.3661723978613989,-0.4072308864772683,-1.0676681738610216,-0.2038894915044539,-0.2594171238721244,1.3100882359207946,110.0,-0.5655577562580816,-0.9604519056240624,45.0,65.0,135.0,1.682626664389292,0,0,0,0,0,0,0,0,0,0,0,0,0,0,0,0,0,0,0,0,0,0,0,0,0,0,0,0,0,0,0,0,0,1,0,0,1,0
1.81662477495951,1.4490881853380395,-0.20513818100678605,0.0,-0.23733569823745043,-0.5011820200392502,-0.71510555024812,-0.25470348836834666,0.11460884002536238,-1.463596637360544,-1.1305225737761357,1.1775880174199662,-1.0676681738610216,1.6167794815612018,0.45102065758790727,-1.0215772167832673,100.0,-0.2689205553220787,0.7240683469257644,65.0,65.0,135.0,-0.6966386509247442,0,0,0,1,0,0,0,0,0,0,0,0,0,0,0,0,0,0,0,0,0,0,0,0,0,0,0,0,0,0,0,0,0,0,0,0,0,1
-0.5051300186883826,-0.5044487413991965,-0.20513818100678605,0.0,-0.23733569823745043,-0.5011820200392502,-0.71510555024812,-0.9066509494212707,-0.43669920078629465,0.981573792720844,-0.5757014689677947,-0.5657127768669917,-1.0676681738610216,-1.0535350122684266,-0.5808056440564244,-0.768135319750217,105.0,0.20569896617552602,0.31320974874287977,20.0,30.0,105.0,-0.6966386509247442,0,0,0,0,0,0,0,0,0,0,0,0,0,0,0,0,0,0,0,0,1,0,0,0,0,0,0,0,0,0,0,0,0,0,0,0,1,0
-0.8756389589435073,-1.0761810445764703,-0.20513818100678605,0.0,-0.23733569823745043,-0.5011820200392502,1.8210950665216952,0.3972439726845773,0.11460884002536238,0.37028118520049697,0.8113512930530579,-0.5657127768669917,-0.39210580384683075,-0.8107791491930059,-0.47085693978284815,0.042878750755543656,125.0,1.3922477699195377,-0.7550226065326201,56.0,66.0,139.0,0.9093654369122303,0,0,0,0,0,0,0,0,0,0,0,0,0,0,0,0,0,0,0,0,0,0,0,0,0,0,0,0,0,0,0,0,0,1,0,0,1,0
1.4998700006266452,1.735663682215978,-0.20513818100678605,0.0,-0.23733569823745043,2.4529683375160483,-0.71510555024812,-0.25470348836834666,1.7685329624603336,1.592866400241191,1.9209935026697398,0.34555809287391814,2.310143676209933,1.6167794815612018,2.68382511360515,0.7018276830414741,160.0,0.917628248421933,2.4496744592938797,99.0,64.16681003584229,144.0,-0.6966386509247442,0,0,1,0,0,0,0,0,0,0,0,0,0,0,0,0,0,0,0,0,0,0,0,0,0,0,0,0,0,0,0,0,0,0,0,0,0,1
2.143097816577755,0.7936531380231499,-0.20513818100678605,0.0,-0.23733569823745043,0.483534765812516,-0.71510555024812,3.005033816896273,-0.43669920078629465,-1.463596637360544,0.25653018824471685,1.3360699078096896,-0.39210580384683075,-0.6894012176552955,0.40027510176933356,0.8640304971426264,149.0,-0.20959311513487808,1.6279572629281103,42.0,59.0,148.0,-0.6966386509247442,0,0,0,0,0,0,0,0,0,0,0,0,0,0,0,0,0,0,0,0,0,0,0,0,0,0,0,0,1,0,0,0,0,0,0,0,0,1
-0.5157593735317673,-0.671854229674428,-0.20513818100678605,0.0,-0.23733569823745043,-0.5011820200392502,-0.71510555024812,-0.25470348836834666,-0.43669920078629465,0.37028118520049697,-0.5757014689677947,-0.9222970302438696,-1.0676681738610216,-1.2962908753438473,-0.6738391630571429,-1.1939177067657414,93.6,-0.44690287588368044,-1.1330125168608738,30.0,44.0,90.0,-0.5181937522761915,0,0,0,0,0,0,0,0,0,0,0,0,0,0,0,0,0,0,0,0,0,0,0,0,1,0,0,0,0,0,0,0,0,0,0,0,1,0
1.11964279308614,2.286115626714197,-0.20513818100678605,0.0,-0.23733569823745043,-0.5011820200392502,-0.71510555024812,-0.9066509494212707,0.11460884002536238,-0.24101142231985004,-0.8531120213719652,-0.011026160502959648,0.16238804107521118,0.03886637157096681,0.9077306599550705,-1.1229539755964872,105.66666666666669,0.027716645613924257,1.134926945108649,50.0,50.0,118.55555555555556,-0.5776753851590424,0,0,0,0,0,0,0,0,0,0,0,0,0,0,0,1,0,0,0,0,0,0,0,0,0,0,0,0,0,0,0,0,0,0,0,0,0,1
-0.7587160556662753,-0.6860411354604645,-0.20513818100678605,0.0,-0.23733569823745043,-0.5011820200392502,-0.71510555024812,-0.9066509494212707,0.11460884002536238,0.37028118520049697,-0.5757014689677947,-0.8430560850490078,0.16238804107521118,-0.9321570807307161,-0.6146360146021402,-0.9708888373766572,85.0,-2.2860535216868985,-0.6728508868960432,46.0,46.0,120.0,-0.2802672207447878,0,0,0,0,0,0,0,0,0,0,0,0,0,0,0,0,0,0,0,0,1,0,0,0,0,0,0,0,0,0,0,0,0,0,0,0,1,0
-0.6721627376558568,-0.8350036462138486,-0.20513818100678605,0.0,-0.23733569823745043,-0.5011820200392502,-0.71510555024812,-0.9066509494212707,-0.43669920078629465,0.37028118520049697,-0.8531120213719652,-1.0411584480361622,-1.0676681738610216,-0.2038894915044539,-0.5977208293292824,-0.768135319750217,106.0,0.917628248421933,-0.7550226065326201,20.0,40.0,106.0,-0.2802672207447878,0,0,0,0,0,0,0,0,0,0,0,1,0,0,0,0,0,0,0,0,0,0,0,0,0,0,0,0,0,0,0,0,0,0,0,0,1,0
-0.6342007560723399,-0.4093964726327514,-0.20513818100678605,0.0,-0.23733569823745043,-0.5011820200392502,-0.71510555024812,-0.25470348836834666,0.11460884002536238,-0.852304029840197,-0.8531120213719652,-0.5657127768669917,-1.0676681738610216,-0.2038894915044539,-0.2763323091449823,1.0769216906503885,108.36363636363636,0.2650264063627266,-0.30307814853144704,59.0,59.0,100.0,1.4447001328578883,0,0,0,0,0,0,0,0,0,0,0,0,0,0,0,0,0,0,0,0,1,0,0,0,0,0,0,0,0,0,0,0,0,0,0,0,1,0
-0.7997149957764735,-0.7498822114976291,-0.20513818100678605,0.0,-0.23733569823745043,1.468251551664282,0.9756948609317568,1.0491914337375012,0.11460884002536238,0.37028118520049697,1.3661723978613989,0.385178565471349,0.9590189361815511,-0.0825115599667434,-0.40319619869141654,0.448385786008424,120.0,-0.03161079457327633,-0.8700630140238278,59.0,64.0,120.0,-0.6966386509247442,0,0,0,0,0,0,0,0,0,0,0,0,0,0,0,0,0,0,0,0,0,0,0,0,0,0,0,0,0,0,0,0,0,1,0,0,1,0
-0.7450497422962092,-0.9768727040742142,-0.20513818100678605,0.0,-0.23733569823745043,-0.5011820200392502,0.13029465534181847,0.3972439726845773,0.6659168808370194,2.204159007761538,1.3661723978613989,-0.6845741946592844,0.9590189361815511,-0.8107791491930059,-0.455633273037276,0.13411783368744173,99.0,-0.03161079457327633,-1.0344064532969817,39.0,44.0,90.0,1.0164323761013618,0,0,0,0,0,0,0,0,0,0,0,0,0,0,0,0,0,0,0,0,0,0,1,0,0,0,0,0,0,0,0,0,0,0,0,0,1,0
-0.5992757330155044,-0.4093964726327514,-0.20513818100678605,0.0,-0.23733569823745043,-0.5011820200392502,-0.71510555024812,-0.25470348836834666,-0.43669920078629465,0.37028118520049697,-0.5757014689677947,-0.5260923042695609,0.16238804107521118,-0.9321570807307161,-0.5419007179288513,-0.6160701815303868,90.0,-0.1502656749476775,-0.30307814853144704,59.0,59.0,122.0,0.1361042094351685,0,0,0,0,0,0,0,0,0,0,0,0,0,0,0,0,0,0,0,0,1,0,0,0,0,0,0,0,0,0,0,0,0,0,0,0,1,0
-0.014661216629344453,0.051677965413437145,-0.20513818100678605,0.0,-0.23733569823745043,2.4529683375160483,1.8210950665216952,1.7011388947904251,4.525073166518619,2.815451615281885,5.527330683923957,2.9605092843043552,1.634581306195742,-0.4466453545798746,2.673676002441435,-1.2750191138163174,120.0,1.4515752101067383,2.1867249564568336,85.0,95.0,140.0,5.739274026999723,0,0,0,0,0,0,0,0,0,0,0,0,0,0,0,0,0,0,0,0,0,0,0,0,0,0,0,0,0,0,0,1,0,0,0,1,0,0
-0.9697846732706291,-0.6222000594233,-0.20513818100678605,0.0,-0.23733569823745043,-0.5011820200392502,-0.71510555024812,-0.25470348836834666,0.11460884002536238,-0.24101142231985004,-0.5757014689677947,-0.7241946672567152,0.9590189361815511,-0.8107791491930059,-0.5638904587835666,-0.6363455332930309,80.0,0.14637152598832542,-0.6728508868960432,45.0,55.0,100.0,-0.22078558786193694,0,0,0,0,1,0,0,0,0,0,0,0,0,0,0,0,0,0,0,0,0,0,0,0,0,0,0,0,0,0,0,0,0,0,0,0,1,0
-0.35540796332299196,0.7397428960362109,-0.20513818100678605,0.0,-0.23733569823745043,1.468251551664282,0.13029465534181847,0.3972439726845773,-0.43669920078629465,0.981573792720844,0.8113512930530579,1.1379675448225355,0.9590189361815511,-0.4466453545798746,-0.3067796426361265,0.8538928212613043,130.0,0.7989733680475319,-0.5085074476228894,83.0,93.0,136.0,-0.6966386509247442,0,0,0,0,0,0,0,0,0,0,0,0,0,0,0,0,0,1,0,0,0,0,0,0,0,0,0,0,0,0,0,0,0,0,0,1,0,0
-0.7799747653530448,-1.0832744974694886,-0.20513818100678605,0.0,-0.23733569823745043,-0.5011820200392502,-0.71510555024812,1.0491914337375012,-0.9880072415979517,-0.24101142231985004,-0.5757014689677947,-0.5657127768669917,0.2834565661673602,-1.174912943806137,-0.5638904587835666,-0.5146934227171668,63.0,0.44300872692432836,0.10778044965143749,57.91695652173913,64.16681003584229,101.0,0.2550674752008703,0,0,0,0,0,0,0,0,0,0,0,0,1,0,0,0,0,0,0,0,0,0,0,0,0,0,0,0,0,0,0,0,0,0,0,0,1,0
-0.5792318067394074,0.01621070094834572,-0.20513818100678605,0.0,-0.23733569823745043,2.4529683375160483,-0.71510555024812,-0.25470348836834666,-0.9880072415979517,0.981573792720844,0.25653018824471685,-0.4072308864772683,-0.39210580384683075,0.403000166184098,-0.5097618659104213,-0.19028779451486252,111.83333333333331,-0.03161079457327633,-0.5085074476228894,65.0,71.0,120.0,0.5405793130385547,0,0,0,0,0,0,0,0,0,0,0,1,0,0,0,0,0,0,0,0,0,0,0,0,0,0,0,0,0,0,0,0,0,0,0,0,1,0
-0.9303042124237716,-1.047807233004397,-0.20513818100678605,0.0,-0.23733569823745043,-0.5011820200392502,-0.71510555024812,-0.9066509494212707,-0.9880072415979517,1.592866400241191,-0.5757014689677947,-1.080778920633593,0.16238804107521118,-1.2962908753438473,-0.665381570420714,-1.1635046791217754,108.36363636363636,-2.2860535216868985,-0.4263357279863124,32.0,32.0,112.125,-0.6966386509247442,0,0,0,0,0,0,0,0,0,0,0,0,0,0,0,0,0,0,0,0,1,0,0,0,0,0,0,0,0,0,0,0,0,0,0,0,1,0
-0.8240106639899243,-0.4803310015629343,-0.20513818100678605,0.0,-0.23733569823745043,-0.5011820200392502,-0.71510555024812,-0.9066509494212707,0.11460884002536238,-0.852304029840197,-1.1305225737761357,-0.5260923042695609,0.16238804107521118,-0.9321570807307161,-0.5300600882378508,-0.8188236991568271,100.0,1.62955753066834,-0.5906791672594662,45.0,75.0,106.0,-0.6966386509247442,0,0,0,0,0,0,0,0,0,0,0,0,0,0,0,0,0,0,0,0,0,0,0,0,0,0,0,0,0,1,0,0,0,0,0,0,1,0
-0.6007942122788451,-0.49735528850617816,-0.20513818100678605,0.0,-0.23733569823745043,-0.5011820200392502,0.13029465534181847,-0.25470348836834666,1.7685329624603336,-0.24101142231985004,0.5339407406488873,-0.20912852349011396,-0.39210580384683075,-0.2038894915044539,-0.2932474944178402,0.19494388897537376,120.0,0.14637152598832542,0.34607843659751053,49.0,49.0,120.0,-0.6966386509247442,0,0,0,0,0,0,0,0,0,0,0,0,1,0,0,0,0,0,0,0,0,0,0,0,0,0,0,0,0,0,0,0,0,0,0,0,1,0
-0.7177171155560771,-0.8350036462138486,-0.20513818100678605,0.0,-0.23733569823745043,-0.5011820200392502,0.13029465534181847,-0.9066509494212707,-0.43669920078629465,-0.24101142231985004,-0.8531120213719652,-1.1203993932310239,0.16238804107521118,-0.9321570807307161,-0.6366257554568555,-0.9506134856140132,75.0,0.14637152598832542,-0.9193660458057739,27.0,42.0,85.0,-0.2564745675916475,0,0,0,0,0,0,0,0,0,0,0,0,0,0,0,0,0,0,0,0,1,0,0,0,0,0,0,0,0,0,0,0,0,0,0,0,1,0
-0.6758070878878745,-0.23206015030729427,4.197442780600391,0.0,2.2151331835495376,-0.5011820200392502,-0.71510555024812,-0.25470348836834666,1.2172249216486766,-0.852304029840197,0.25653018824471685,0.9794856544328119,-0.39210580384683075,1.00988982387265,-0.034445159743114385,1.0160956353624564,135.0,0.7989733680475319,-0.34416400834973554,84.0,84.0,127.0,-0.6966386509247442,0,0,0,0,0,0,0,0,0,0,0,0,0,1,0,0,0,0,0,0,0,0,0,0,0,0,0,0,0,0,0,0,0,0,0,0,1,0
-0.9394150880038157,-1.0903679503625068,-0.20513818100678605,0.0,-0.23733569823745043,-0.5011820200392502,0.13029465534181847,-0.9066509494212707,-0.9880072415979517,1.592866400241191,-0.29829091656362416,-1.0015379754387312,0.16238804107521118,0.32195705497276533,-0.5638904587835666,-0.8999251062074031,103.8695652173913,0.027716645613924257,-0.9029317018784585,35.0,35.0,111.36363636363636,0.2550674752008703,0,0,0,0,0,0,0,0,0,0,0,0,1,0,0,0,0,0,0,0,0,0,0,0,0,0,0,0,0,0,0,0,0,0,0,0,1,0
0.026337723480853777,-0.8846578164649765,-0.20513818100678605,0.0,-0.23733569823745043,-0.5011820200392502,0.9756948609317568,-0.9066509494212707,-0.43669920078629465,-0.24101142231985004,-0.5757014689677947,-1.0015379754387312,0.2834565661673602,-0.8107791491930059,-0.6535409407297134,-1.0519902444272333,100.0,-0.03161079457327633,-0.9193660458057739,40.0,64.0,100.0,-0.3754378333573493,0,0,0,0,0,0,0,0,0,0,0,0,0,0,0,0,0,0,0,0,0,1,0,0,0,0,0,0,0,0,0,0,0,0,0,1,0,0
-0.906615935915657,-1.3173584429390919,-0.20513818100678605,0.0,-0.23733569823745043,-0.5011820200392502,-0.71510555024812,-0.9066509494212707,-0.9880072415979517,0.37028118520049697,-1.1305225737761357,-1.358122228815609,0.16238804107521118,-0.2038894915044539,-0.6738391630571429,-1.1229539755964872,105.0,-2.642018162810102,-0.9604519056240624,17.0,17.0,102.0,-0.5181937522761915,0,0,0,0,0,0,0,0,0,0,0,0,0,1,0,0,0,0,0,0,0,0,0,0,0,0,0,0,0,0,0,0,0,0,0,0,1,0
1.8029584615894438,0.9383595770407228,-0.20513818100678605,0.0,-0.23733569823745043,0.483534765812516,-0.71510555024812,-0.9066509494212707,0.11460884002536238,-0.24101142231985004,-0.5757014689677947,0.18707620248419468,-0.39210580384683075,0.403000166184098,2.0072177026908338,-0.8999251062074031,111.0,-0.2689205553220787,0.7240683469257644,71.0,71.0,110.0,-0.6966386509247442,0,0,0,1,0,0,0,0,0,0,0,0,0,0,0,0,0,0,0,0,0,0,0,0,0,0,0,0,0,0,0,0,0,0,0,0,0,1
-0.4899452260549758,0.5836869323898086,-0.20513818100678605,0.0,-0.23733569823745043,0.483534765812516,0.9756948609317568,0.3972439726845773,-0.9880072415979517,-0.852304029840197,-0.29829091656362416,0.7021423462507959,0.9590189361815511,0.403000166184098,-0.3152372352725555,0.45852346188974596,106.0,1.4515752101067383,-0.34416400834973554,80.0,92.0,128.6,0.017140943669466675,0,0,0,0,0,0,0,0,0,0,0,0,0,0,0,0,0,1,0,0,0,0,0,0,0,0,0,0,0,0,0,0,0,0,0,0,1,0
1.8758454662297963,2.2719287209281607,-0.20513818100678605,0.0,-0.23733569823745043,1.468251551664282,-0.71510555024812,-0.9066509494212707,1.2172249216486766,-0.852304029840197,-0.020880364159453674,0.1474557298867638,-0.39210580384683075,1.00988982387265,1.838065849962255,0.44710072850234056,151.57894736842104,0.027716645613924257,0.7240683469257644,57.91695652173913,64.16681003584229,128.0,-0.6966386509247442,0,0,1,0,0,0,0,0,0,0,0,0,0,0,0,0,0,0,0,0,0,0,0,0,0,0,0,0,0,0,0,0,0,0,0,0,0,1
-0.6417931523890433,-0.5512655304931171,-0.20513818100678605,0.0,-0.23733569823745043,-0.5011820200392502,-0.71510555024812,-0.9066509494212707,3.973765125706962,-0.852304029840197,0.8113512930530579,0.30593762027648724,-0.39210580384683075,-0.2038894915044539,-0.2712577535631249,0.9856826077184904,100.0,-0.1502656749476775,0.42825015623408746,69.0,69.0,108.0,-0.6966386509247442,0,0,0,0,0,0,0,0,0,0,0,0,1,0,0,0,0,0,0,0,0,0,0,0,0,0,0,0,0,0,0,0,0,0,0,0,1,0
0.8827600280049945,1.7895739242029172,-0.20513818100678605,0.0,-0.23733569823745043,0.483534765812516,-0.71510555024812,-0.9066509494212707,0.6659168808370194,-0.24101142231985004,-0.29829091656362416,0.4333065015099459,0.2834565661673602,-0.4466453545798746,2.68382511360515,-0.656620885055675,104.0,-0.2689205553220787,0.31320974874287977,57.91695652173913,64.16681003584229,96.0,5.251524637360347,0,0,0,0,0,0,0,0,0,0,0,0,0,0,0,0,0,0,0,0,0,0,0,0,0,0,0,0,0,0,0,1,0,0,0,0,0,1
-0.8543802492567378,-1.047807233004397,-0.20513818100678605,0.0,-0.23733569823745043,-0.5011820200392502,0.13029465534181847,-0.25470348836834666,-0.43669920078629465,2.815451615281885,0.8113512930530579,-0.6449537220618534,1.634581306195742,-1.2962908753438473,-0.5300600882378508,0.44710072850234056,100.0,-0.20959311513487808,-0.5085074476228894,30.0,37.0,100.0,-0.6966386509247442,0,0,0,0,0,0,0,0,0,0,0,0,1,0,0,0,0,0,0,0,0,0,0,0,0,0,0,0,0,0,0,0,0,0,0,0,1,0
2.0307303510905452,0.7255559902501743,-0.20513818100678605,0.0,-0.23733569823745043,-0.5011820200392502,0.13029465534181847,-0.25470348836834666,0.11460884002536238,-0.852304029840197,-0.5757014689677947,0.10783525728933294,-1.0676681738610216,-0.32526742304216427,0.40027510176933356,0.44710072850234056,127.5,-2.8793279235589044,1.956644141474418,45.0,60.0,109.0,-0.6966386509247442,0,0,0,0,0,0,0,0,0,0,0,0,0,0,0,0,0,0,0,0,0,0,0,0,0,0,0,0,1,0,0,0,0,0,0,0,0,1
1.2447654843854117,-0.33846194370256855,-0.20513818100678605,0.0,-0.23733569823745043,-0.5011820200392502,-0.71510555024812,-0.25470348836834666,1.7685329624603336,-0.24101142231985004,0.25653018824471685,0.5832809284585033,-0.39210580384683075,0.403000166184098,0.15500491531289406,-0.717446940343607,163.0,1.4515752101067383,1.956644141474418,75.0,75.0,170.0,-0.6966386509247442,0,0,1,0,0,0,0,0,0,0,0,0,0,0,0,0,0,0,0,0,0,0,0,0,0,0,0,0,0,0,0,0,0,0,0,0,0,1
1.6061635490604924,0.01621070094834572,-0.20513818100678605,0.0,-0.23733569823745043,1.468251551664282,-0.71510555024812,-0.25470348836834666,-0.43669920078629465,-0.852304029840197,-0.5757014689677947,0.10783525728933294,-1.0676681738610216,-0.6894012176552955,-0.012455418888399116,0.39769740660181396,116.0,-1.2774870385044887,0.4775531880160336,84.0,84.0,92.0,0.4929940067322739,0,0,0,1,0,0,0,0,0,0,0,0,0,0,0,0,0,0,0,0,0,0,0,0,0,0,0,0,0,0,0,0,0,0,0,0,0,1
-0.5810539818554163,-0.5512655304931171,-0.20513818100678605,0.0,-0.23733569823745043,-0.5011820200392502,0.13029465534181847,0.3972439726845773,1.7685329624603336,-0.852304029840197,0.5339407406488873,-0.6845741946592844,-1.0676681738610216,-0.2038894915044539,-0.5300600882378508,-0.3119399050907266,96.0,-0.6248851964452822,-0.9193660458057739,50.0,65.0,105.0,-0.6966386509247442,0,0,0,0,0,0,0,0,0,0,0,0,0,0,0,0,0,0,0,0,0,0,0,0,1,0,0,0,0,0,0,0,0,0,0,0,1,0
-0.7821006363217217,-0.7966990005915499,-0.20513818100678605,0.0,-0.23733569823745043,-0.5011820200392502,1.8210950665216952,1.7011388947904251,0.11460884002536238,-0.852304029840197,0.8113512930530579,0.6229014010559342,0.2834565661673602,-0.32526742304216427,-0.2797153461995539,1.1884361253449305,133.0,0.20569896617552602,-0.22090642889487017,65.0,85.0,130.0,1.2067736013264847,0,0,0,0,0,0,0,0,0,0,0,0,1,0,0,0,0,0,0,0,0,0,0,0,0,0,0,0,0,0,0,0,0,0,0,0,1,0
-0.9303042124237716,-0.7427887586046108,-0.20513818100678605,0.0,-0.23733569823745043,-0.5011820200392502,-0.71510555024812,-0.9066509494212707,1.2172249216486766,-0.24101142231985004,-0.29829091656362416,-0.44685135907469914,-0.39210580384683075,-0.2038894915044539,-0.41165379132784546,-0.4538673674292347,95.0,-0.9215223973812852,0.3953814683794567,49.0,65.0,115.0,-0.6966386509247442,0,0,0,0,0,0,0,0,0,0,0,0,1,0,0,0,0,0,0,0,0,0,0,0,0,0,0,0,0,0,0,0,0,0,0,0,1,0
1.6966649131555966,0.15807975880871142,-0.20513818100678605,0.0,-0.23733569823745043,-0.5011820200392502,-0.71510555024812,0.3972439726845773,-0.9880072415979517,-1.463596637360544,-1.4079331261803063,-0.48647183167213,0.16238804107521118,-0.9321570807307161,-0.07335008587068755,0.44710072850234056,119.33333333333331,1.3922477699195377,-0.09764884944000479,57.91695652173913,49.0,116.0,-0.6966386509247442,0,0,0,0,0,0,0,0,0,0,0,0,0,0,0,0,0,0,0,0,0,0,0,0,0,0,0,0,0,0,0,0,0,0,1,0,0,1
-1.0290053645409154,-0.7995363817487571,-0.20513818100678605,0.0,-0.23733569823745043,-0.5011820200392502,-0.71510555024812,0.3972439726845773,0.11460884002536238,0.37028118520049697,-0.020880364159453674,-0.9222970302438696,-0.39210580384683075,-1.0535350122684266,-0.6129444960748545,-0.8086860232755051,63.0,-0.1502656749476775,-0.6728508868960432,60.0,60.0,95.0,-0.08992599551966494,0,0,0,0,1,0,0,0,0,0,0,0,0,0,0,0,0,0,0,0,0,0,0,0,0,0,0,0,0,0,0,0,0,0,0,0,1,0
0.5335097974366393,0.19354702327380285,-0.20513818100678605,0.0,-0.23733569823745043,-0.5011820200392502,-0.71510555024812,0.3972439726845773,-0.9880072415979517,-0.852304029840197,-1.1305225737761357,-0.5260923042695609,-0.39210580384683075,1.00988982387265,-0.09872286377997438,0.44710072850234056,70.0,-1.0401772777556864,1.134926945108649,42.0,47.0,110.0,-0.6966386509247442,0,0,0,0,0,0,0,0,0,0,0,0,0,0,0,0,0,0,0,0,0,0,0,0,0,0,0,0,0,0,0,1,0,0,0,1,0,0
-1.054819512017707,-1.0619941387904337,-0.20513818100678605,0.0,-0.23733569823745043,-0.5011820200392502,-0.71510555024812,1.0491914337375012,-0.43669920078629465,2.815451615281885,1.0887618454572283,-0.8034356124515769,-0.39210580384683075,-0.8107791491930059,-0.6112529775475687,-0.798548347394183,112.0,-0.1502656749476775,-0.8782801859874855,48.0,58.0,126.0,-0.07802966894309477,0,0,0,0,0,0,0,0,0,0,0,1,0,0,0,0,0,0,0,0,0,0,0,0,0,0,0,0,0,0,0,0,0,0,0,0,1,0
-0.23301853469773354,0.11835642260780903,-0.20513818100678605,0.0,-0.23733569823745043,-0.5011820200392502,-0.71510555024812,0.3972439726845773,0.11460884002536238,-0.24101142231985004,-0.29829091656362416,-0.12988757829525224,-1.0676681738610216,1.00988982387265,-0.5300600882378508,-0.4741427191918788,87.0,-0.09093823476047691,-0.34416400834973554,43.0,68.0,105.0,-0.19699293470879659,0,0,0,0,0,0,0,0,0,0,0,0,0,0,0,0,0,0,0,0,0,0,0,0,1,0,0,0,0,0,0,0,0,0,0,1,0,0
-0.7329019081894839,-0.9768727040742142,-0.20513818100678605,0.0,-0.23733569823745043,-0.5011820200392502,0.13029465534181847,-0.9066509494212707,-0.43669920078629465,-1.463596637360544,-1.4079331261803063,-1.0411584480361622,-1.0676681738610216,-1.174912943806137,-0.6146360146021402,-0.8188236991568271,100.0,0.027716645613924257,-1.0837094850789277,29.0,39.0,100.0,-0.10182232209623514,0,0,0,0,0,0,0,0,1,0,0,0,0,0,0,0,0,0,0,0,0,0,0,0,0,0,0,0,0,0,0,0,0,0,0,0,1,0
0.5650941661141253,1.223516383340058,-0.20513818100678605,0.0,-0.23733569823745043,-0.5011820200392502,0.13029465534181847,-0.9066509494212707,1.7685329624603336,-0.852304029840197,-0.020880364159453674,2.0492384145634452,-1.0676681738610216,1.00988982387265,3.2335686349730315,0.44710072850234056,101.0,-0.5655577562580816,1.1431441170723067,62.0,62.0,135.0,2.277442993217801,0,0,0,0,0,0,0,0,0,0,0,0,0,0,0,0,0,0,0,0,0,0,0,0,0,0,0,0,0,0,0,1,0,0,0,1,0,0
-0.816418267673221,-0.9641044888667814,-0.20513818100678605,0.0,-0.23733569823745043,-0.5011820200392502,0.9756948609317568,-0.25470348836834666,-0.9880072415979517,1.592866400241191,0.25653018824471685,-0.8430560850490078,0.16238804107521118,-1.174912943806137,-0.6230936072385692,-0.869512078563437,115.0,0.44300872692432836,-0.837194326169197,34.0,47.0,112.0,-0.16130395497908603,0,0,0,0,0,0,0,0,0,0,0,0,0,1,0,0,0,0,0,0,0,0,0,0,0,0,0,0,0,0,0,0,0,0,0,0,1,0
-0.8270476225166057,-0.522891718921044,-0.20513818100678605,0.0,-0.23733569823745043,-0.5011820200392502,3.5118954777015716,-0.9066509494212707,-0.9880072415979517,0.37028118520049697,0.25653018824471685,-0.8430560850490078,0.2834565661673602,-0.2038894915044539,-0.5300600882378508,-0.3119399050907266,107.0,-0.20959311513487808,-1.07549231311527,67.0,77.0,97.0,0.4929940067322739,0,0,0,0,0,0,0,0,0,0,0,0,0,0,0,0,0,0,0,0,0,0,0,0,1,0,0,0,0,0,0,0,0,0,0,0,1,0
-0.5719431062753723,-0.23206015030729427,-0.20513818100678605,0.0,-0.23733569823745043,-0.5011820200392502,-0.71510555024812,-0.25470348836834666,-0.43669920078629465,-0.852304029840197,-1.1305225737761357,-0.7241946672567152,-1.0676681738610216,-0.2038894915044539,-0.022604530052113856,2.729362859305876,108.36363636363636,-0.32824799550927924,-0.2619922887131586,48.0,58.0,75.0,4.061891979703328,0,0,0,0,0,0,0,0,0,0,0,0,0,0,0,0,0,0,0,0,1,0,0,0,0,0,0,0,0,0,0,0,0,0,0,0,1,0
2.1825782774246125,1.1511631638312714,-0.20513818100678605,0.0,-0.23733569823745043,0.483534765812516,0.9756948609317568,1.0491914337375012,-0.43669920078629465,-1.463596637360544,-0.020880364159453674,1.0983470722251045,-0.39210580384683075,0.03886637157096681,0.654002880862202,-0.5146934227171668,115.0,-0.506230316070881,0.7240683469257644,74.0,78.0,104.0,0.2550674752008703,0,1,0,0,0,0,0,0,0,0,0,0,0,0,0,0,0,0,0,0,0,0,0,0,0,0,0,0,0,0,0,0,0,0,0,0,0,1
0.7552077698843779,2.002377510993466,-0.20513818100678605,0.0,2.2151331835495376,1.468251551664282,-0.71510555024812,-0.25470348836834666,0.6659168808370194,-0.24101142231985004,0.5339407406488873,2.168099832355738,0.2834565661673602,1.1312677554103605,4.206191788162361,-0.8492367268007931,136.0,-0.09093823476047691,1.134926945108649,81.0,81.0,131.125,0.4929940067322739,0,0,0,0,0,1,0,0,0,0,0,0,0,0,0,0,0,0,0,0,0,0,0,0,0,0,0,0,0,0,0,0,0,0,0,0,0,1
0.8007621477845981,1.5058358084821857,-0.20513818100678605,0.0,-0.23733569823745043,1.468251551664282,0.13029465534181847,-0.25470348836834666,0.11460884002536238,-0.24101142231985004,0.25653018824471685,0.30593762027648724,-0.39210580384683075,1.6167794815612018,1.6722970342882475,-1.0215772167832673,148.0,0.5616636072987296,1.956644141474418,69.0,69.0,144.0,0.3740307409665721,0,0,0,0,0,0,0,0,0,0,0,0,0,0,0,0,0,0,0,0,0,0,0,0,0,0,0,0,0,0,0,1,0,0,0,0,0,1
-0.3229125070875015,0.7255559902501743,-0.20513818100678605,0.0,-0.23733569823745043,-0.5011820200392502,-0.71510555024812,-0.9066509494212707,0.6659168808370194,0.37028118520049697,-0.29829091656362416,0.5040399832636415,-1.0676681738610216,0.5243780977218085,-0.35245064287284283,-0.3626282844973367,76.0,0.08704408580112484,-0.09764884944000479,74.0,74.0,80.0,-0.6966386509247442,0,0,0,0,0,0,0,0,0,0,0,0,0,0,0,0,0,0,0,0,0,0,0,0,0,0,0,0,0,1,0,0,0,0,0,1,0,0
-0.8586319911940917,-1.1031361655699397,-0.20513818100678605,0.0,-0.23733569823745043,-0.5011820200392502,-0.71510555024812,-0.9066509494212707,0.6659168808370194,0.37028118520049697,-0.29829091656362416,-0.6845741946592844,-1.0676681738610216,-1.174912943806137,-0.648466385147856,-1.0215772167832673,90.0,-1.930088880563695,-1.124795344897216,28.0,49.0,93.0,-0.33974885362763874,0,0,0,0,0,0,0,0,0,0,0,0,0,0,0,0,0,0,0,0,0,0,0,0,0,0,0,0,0,0,0,0,0,1,0,0,1,0
-0.9303042124237716,-0.9059381751440314,-0.20513818100678605,0.0,-0.23733569823745043,-0.5011820200392502,-0.71510555024812,1.0491914337375012,-0.9880072415979517,0.37028118520049697,-0.29829091656362416,-0.8034356124515769,-0.39210580384683075,-1.0535350122684266,-0.6180190516567118,-0.869512078563437,105.0,-0.03161079457327633,-0.34416400834973554,42.0,58.0,107.0,-0.42302313966363003,0,0,0,0,0,0,0,0,0,0,0,0,0,0,0,0,0,1,0,0,0,0,0,0,0,0,0,0,0,0,0,0,0,0,0,0,1,0
-0.9758585903239918,-1.218050102436836,-0.20513818100678605,0.0,-0.23733569823745043,-0.5011820200392502,-0.71510555024812,-0.9066509494212707,-0.9880072415979517,1.592866400241191,-0.5757014689677947,-1.2392608110233163,0.16238804107521118,-1.174912943806137,-0.6822967556935718,-1.2243307344097074,103.8695652173913,-2.2860535216868985,-0.837194326169197,15.0,20.0,111.36363636363636,-0.5776753851590424,0,0,0,0,0,0,0,0,0,0,0,0,1,0,0,0,0,0,0,0,0,0,0,0,0,0,0,0,0,0,0,0,0,0,0,0,1,0
0.026337723480853777,-0.9059381751440314,-0.20513818100678605,0.0,-0.23733569823745043,-0.5011820200392502,-0.71510555024812,-0.9066509494212707,-0.43669920078629465,-0.852304029840197,-1.4079331261803063,-1.080778920633593,0.16238804107521118,-1.2962908753438473,-0.6146360146021402,0.44710072850234056,78.0,0.502336167111529,-0.5085074476228894,39.0,39.0,90.0,-0.6966386509247442,0,0,0,0,0,0,0,0,0,0,0,0,0,0,0,0,0,0,0,0,0,0,0,1,0,0,0,0,0,0,0,0,0,0,0,1,0,0
2.3040566184918667,1.2930322216916372,4.197442780600391,0.0,-0.23733569823745043,-0.5011820200392502,0.9756948609317568,3.005033816896273,-0.9880072415979517,-0.24101142231985004,1.0887618454572283,0.7021423462507959,0.2834565661673602,1.00988982387265,0.5694269544979126,1.4114649947340148,133.0,0.027716645613924257,0.1899521692880144,74.0,74.0,124.0,-0.6966386509247442,0,0,0,0,0,0,0,0,0,0,0,0,0,0,0,0,0,0,0,1,0,0,0,0,0,0,0,0,0,0,0,0,0,0,0,0,0,1
1.3990429775408242,1.463275091124076,-0.20513818100678605,0.0,-0.23733569823745043,-0.5011820200392502,-0.71510555024812,-0.9066509494212707,-0.43669920078629465,-0.852304029840197,-1.4079331261803063,-0.6053332494644226,0.16238804107521118,0.1602443031086773,-0.2678747165085534,0.44710072850234056,105.66666666666669,1.5109026502939389,-0.015477129803427876,39.0,39.0,118.55555555555556,-0.6966386509247442,0,0,0,0,0,0,0,0,0,0,0,0,0,0,0,1,0,0,0,0,0,0,0,0,0,0,0,0,0,0,0,0,0,0,0,0,0,1
-0.5895574657301241,-0.6931345883534829,-0.20513818100678605,0.0,-0.23733569823745043,0.483534765812516,0.13029465534181847,-0.25470348836834666,0.11460884002536238,-0.24101142231985004,-0.020880364159453674,-0.09026710569782137,-0.39210580384683075,-0.4466453545798746,-0.3575251984547002,0.7221030348041182,120.0,-1.3368144786916893,-0.6317650270777547,49.0,58.0,125.0,0.7428168648402477,0,0,0,0,0,0,0,0,0,0,0,0,0,1,0,0,0,0,0,0,0,0,0,0,0,0,0,0,0,0,0,0,0,0,0,0,1,0
-0.9679624981546203,-1.0137586591179093,-0.20513818100678605,0.0,-0.23733569823745043,-0.5011820200392502,-0.71510555024812,-0.9066509494212707,0.11460884002536238,0.37028118520049697,-0.5757014689677947,-1.0015379754387312,-1.0676681738610216,-1.0535350122684266,-0.6603070148388566,-1.0925409479525212,80.0,0.027716645613924257,-0.9604519056240624,57.91695652173913,64.16681003584229,100.0,-0.5300900788527616,0,0,0,0,0,0,0,0,0,0,0,0,0,0,0,0,0,0,1,0,0,0,0,0,0,0,0,0,0,0,0,0,0,0,0,0,1,0
-0.08390387103767924,1.4873928309603381,-0.20513818100678605,0.0,-0.23733569823745043,-0.5011820200392502,-0.71510555024812,0.3972439726845773,0.11460884002536238,-0.852304029840197,-0.5757014689677947,0.5832809284585033,0.16238804107521118,-0.2038894915044539,-0.504687310328564,-1.1635046791217754,134.0,0.7989733680475319,0.5432905637252952,57.91695652173913,64.16681003584229,135.0,-0.6966386509247442,0,0,0,0,0,0,0,0,0,0,0,0,0,0,0,0,0,0,0,0,0,0,0,0,0,0,0,0,0,1,0,0,0,0,0,1,0,0
2.4786817337760443,1.044761370435997,-0.20513818100678605,0.0,-0.23733569823745043,-0.5011820200392502,0.13029465534181847,0.3972439726845773,0.11460884002536238,-0.24101142231985004,-0.020880364159453674,1.81151557897886,-1.0676681738610216,2.2236691392497536,0.41719028704219147,1.4621533741406247,107.0,0.917628248421933,0.518639047834322,80.0,80.0,130.0,-0.6966386509247442,0,0,0,0,0,0,0,0,0,0,0,0,0,0,0,0,0,0,0,1,0,0,0,0,0,0,0,0,0,0,0,0,0,0,0,0,0,1
-0.7329019081894839,-0.12565835691202,-0.20513818100678605,0.0,-0.23733569823745043,-0.5011820200392502,-0.71510555024812,-0.25470348836834666,-0.43669920078629465,-1.463596637360544,-1.4079331261803063,0.4333065015099459,0.16238804107521118,1.3740236184857808,0.2903263974957572,0.44710072850234056,83.0,-2.2860535216868985,0.9130633020898913,68.0,68.0,100.0,-0.6966386509247442,0,0,0,0,0,0,0,0,0,0,0,0,1,0,0,0,0,0,0,0,0,0,0,0,0,0,0,0,0,0,0,0,0,0,0,0,1,0
-0.7025323229226703,0.1325433283938456,-0.20513818100678605,0.0,2.2151331835495376,0.483534765812516,0.13029465534181847,-0.25470348836834666,0.6659168808370194,4.038036830322579,2.475814607478081,0.06821478469190208,1.634581306195742,0.03886637157096681,-0.4218029024915602,0.3368713513138819,122.0,-0.9215223973812852,-1.0590579691879547,55.0,65.0,112.0,1.2543589076327655,0,0,0,0,0,0,0,0,0,0,0,0,0,0,0,0,0,0,0,0,0,0,0,0,1,0,0,0,0,0,0,0,0,0,0,0,1,0
-0.8240106639899243,-1.0832744974694886,-0.20513818100678605,0.0,-0.23733569823745043,-0.5011820200392502,0.9756948609317568,-0.25470348836834666,-0.9880072415979517,0.981573792720844,-0.020880364159453674,-1.0411584480361622,-0.39210580384683075,-1.2962908753438473,-0.5977208293292824,-0.717446940343607,89.0,-0.38757543569647984,-0.837194326169197,32.0,42.0,80.0,0.017140943669466675,0,0,0,0,0,0,0,0,0,0,0,0,1,0,0,0,0,0,0,0,0,0,0,0,0,0,0,0,0,0,0,0,0,0,0,0,1,0
-0.8726020004168259,-0.7286018528185743,-0.20513818100678605,0.0,-0.23733569823745043,-0.5011820200392502,0.9756948609317568,1.7011388947904251,-0.9880072415979517,0.37028118520049697,0.5339407406488873,-0.6053332494644226,0.2834565661673602,-1.174912943806137,-0.46409086567370494,0.08342945428083169,87.0,0.14637152598832542,-0.9193660458057739,40.0,55.0,112.0,0.9569507432185109,0,0,0,0,0,0,1,0,0,0,0,0,0,0,0,0,0,0,0,0,0,0,0,0,0,0,0,0,0,0,0,0,0,0,0,0,1,0
0.45151191721624284,-0.35264884948860514,-0.20513818100678605,0.0,-0.23733569823745043,-0.5011820200392502,0.13029465534181847,-0.25470348836834666,-0.43669920078629465,-0.24101142231985004,-0.5757014689677947,-0.7638151398541461,-0.39210580384683075,-0.2038894915044539,-0.6146360146021402,-0.8188236991568271,141.0,0.027716645613924257,-0.9193660458057739,43.0,70.0,108.0,-0.10182232209623514,0,0,0,0,0,0,0,0,0,0,0,0,0,0,0,0,0,0,0,0,0,1,0,0,0,0,0,0,0,0,0,0,0,0,0,1,0,0
-0.1962713365248892,1.450506875916643,-0.20513818100678605,0.0,-0.23733569823745043,1.468251551664282,0.13029465534181847,-0.9066509494212707,-0.9880072415979517,0.37028118520049697,-0.29829091656362416,0.5040399832636415,0.2834565661673602,1.2526456869480709,-0.39812164310955916,-0.05849800805767643,110.0,0.2650264063627266,0.45290167212506055,73.0,73.0,125.0,-0.6966386509247442,0,0,0,0,0,0,0,0,0,0,0,0,0,0,0,0,0,0,0,0,0,0,0,0,0,0,0,0,0,1,0,0,0,0,0,1,0,0
-0.7183245072614134,-1.0506446141616044,-0.20513818100678605,0.0,-0.23733569823745043,-0.5011820200392502,-0.71510555024812,0.3972439726845773,-0.9880072415979517,3.426744222802232,0.8113512930530579,-0.8826765576464386,-1.0676681738610216,-1.0535350122684266,-0.6180190516567118,-0.839099050919471,111.83333333333331,0.7989733680475319,-0.6335910652919009,37.0,55.0,117.42857142857143,-0.6966386509247442,0,0,0,0,0,0,0,0,0,0,0,1,0,0,0,0,0,0,0,0,0,0,0,0,0,0,0,0,0,0,0,0,0,0,0,0,1,0
-0.7875671616697482,-0.4093964726327514,-0.20513818100678605,0.0,-0.23733569823745043,0.483534765812516,0.13029465534181847,0.3972439726845773,-0.43669920078629465,-0.24101142231985004,-0.020880364159453674,-0.6053332494644226,0.2834565661673602,-0.2038894915044539,-0.40319619869141654,0.448385786008424,100.0,-0.7435400768196834,-0.5085074476228894,59.0,59.0,125.0,1.0164323761013618,0,0,0,0,0,0,0,0,0,0,0,0,0,1,0,0,0,0,0,0,0,0,0,0,0,0,0,0,0,0,0,0,0,0,0,0,1,0
0.11137256222793158,-0.19659288584220286,-0.20513818100678605,0.0,-0.23733569823745043,-0.5011820200392502,0.13029465534181847,0.3972439726845773,-0.9880072415979517,-0.852304029840197,-0.8531120213719652,0.385178565471349,-1.0676681738610216,0.03886637157096681,-0.5385176808742798,-0.5653818021237769,114.0,-0.5655577562580816,-0.015477129803427876,52.0,68.0,93.0,-0.6966386509247442,0,0,0,0,0,0,0,0,0,0,0,0,0,0,0,0,0,0,0,0,0,0,0,0,0,0,0,0,0,0,0,0,1,0,0,1,0,0
1.3929690604874616,1.2930322216916372,-0.20513818100678605,0.0,2.2151331835495376,0.483534765812516,-0.71510555024812,0.3972439726845773,1.2172249216486766,-0.24101142231985004,0.8113512930530579,1.1775880174199662,-0.39210580384683075,0.03886637157096681,2.142539184873697,-0.3119399050907266,165.0,-0.32824799550927924,1.6197400909644526,57.91695652173913,64.16681003584229,151.0,-0.6966386509247442,0,0,1,0,0,0,0,0,0,0,0,0,0,0,0,0,0,0,0,0,0,0,0,0,0,0,0,0,0,0,0,0,0,0,0,0,0,1
-0.7237910326094398,-0.9059381751440314,-0.20513818100678605,0.0,-0.23733569823745043,-0.5011820200392502,0.13029465534181847,1.0491914337375012,6.7303053297652475,0.981573792720844,4.140277921903104,0.42479903806877983,1.634581306195742,-0.8107791491930059,-0.2763323091449823,1.2087114771075746,135.0,-0.09093823476047691,-0.837194326169197,55.0,60.0,135.0,2.277442993217801,0,0,0,0,0,0,0,0,0,0,0,0,0,1,0,0,0,0,0,0,0,0,0,0,0,0,0,0,0,0,0,0,0,0,0,0,1,0
-0.5610100555793194,0.038909750206004234,-0.20513818100678605,0.0,-0.23733569823745043,0.483534765812516,0.13029465534181847,-0.25470348836834666,-0.43669920078629465,-0.852304029840197,-0.5757014689677947,-0.48647183167213,0.2834565661673602,0.03886637157096681,-0.5300600882378508,-0.3119399050907266,105.0,-2.4640358422485003,-0.4674215878046009,55.0,69.0,100.0,0.4929940067322739,0,0,0,0,0,0,0,0,0,0,0,0,0,0,0,0,0,1,0,0,0,0,0,0,0,0,0,0,0,0,0,0,0,0,0,0,1,0
-0.7298649496628025,-1.0761810445764703,-0.20513818100678605,0.0,-0.23733569823745043,-0.5011820200392502,-0.71510555024812,0.3972439726845773,0.11460884002536238,-0.24101142231985004,-0.29829091656362416,-0.8034356124515769,0.16238804107521118,-1.0535350122684266,-0.648466385147856,-1.0215772167832673,57.0,0.7396459278603313,-0.6892852308233586,44.0,44.0,60.0,-0.33974885362763874,0,0,0,0,0,0,0,0,0,0,0,0,0,1,0,0,0,0,0,0,0,0,0,0,0,0,0,0,0,0,0,0,0,0,0,0,1,0
0.45758583426960553,1.832134641561027,-0.20513818100678605,0.0,-0.23733569823745043,0.483534765812516,-0.71510555024812,-0.9066509494212707,0.6659168808370194,-0.852304029840197,-0.5757014689677947,-0.5260923042695609,0.16238804107521118,0.03886637157096681,0.6962908440443468,0.44710072850234056,120.0,-0.32824799550927924,2.1867249564568336,57.91695652173913,64.16681003584229,144.0,0.7428168648402477,0,0,0,0,0,0,0,0,0,0,0,0,0,0,0,0,0,0,0,0,0,0,0,0,0,0,0,0,0,0,0,1,0,0,0,1,0,0
-0.6873475302892635,-0.6931345883534829,-0.20513818100678605,0.0,-0.23733569823745043,-0.5011820200392502,-0.71510555024812,-0.25470348836834666,0.11460884002536238,-0.852304029840197,-0.8531120213719652,-0.3676104138798374,-1.0676681738610216,-0.8107791491930059,-0.42856897660070337,0.29632064778859385,110.0,1.332920329732337,-0.837194326169197,57.91695652173913,45.0,126.0,0.2550674752008703,0,0,0,0,0,0,0,0,0,0,0,0,1,0,0,0,0,0,0,0,0,0,0,0,0,0,0,0,0,0,0,0,0,0,0,0,1,0
-0.27918030430329005,-0.33846194370256855,-0.20513818100678605,0.0,4.667602065336526,-0.5011820200392502,1.8210950665216952,2.3530863558433492,-0.9880072415979517,0.981573792720844,1.9209935026697398,-0.1695080508926831,2.9857060462241236,0.03886637157096681,-0.21712916068997967,1.563530132953845,99.0,1.7482124110427413,-0.22090642889487017,67.0,87.0,115.0,1.682626664389292,0,0,0,0,0,0,0,0,0,0,0,0,0,0,0,0,0,0,0,0,0,0,0,0,1,0,0,0,0,0,0,0,0,0,0,1,0,0
-0.8422324151500125,-0.7782560230697023,-0.20513818100678605,0.0,-0.23733569823745043,-0.5011820200392502,-0.71510555024812,-0.9066509494212707,0.11460884002536238,-0.24101142231985004,-0.8531120213719652,-0.48647183167213,-0.39210580384683075,-0.4466453545798746,-0.5097618659104213,-0.19028779451486252,114.0,1.5109026502939389,0.9294976460172066,49.0,49.0,100.0,0.4929940067322739,0,0,0,0,0,0,0,0,0,0,0,0,1,0,0,0,0,0,0,0,0,0,0,0,0,0,0,0,0,0,0,0,0,0,0,0,1,0
-0.7632714934562973,-0.5512655304931171,-0.20513818100678605,0.0,-0.23733569823745043,-0.5011820200392502,1.8210950665216952,0.3972439726845773,-0.9880072415979517,0.37028118520049697,0.25653018824471685,-0.6845741946592844,-0.39210580384683075,-0.9321570807307161,-0.5249855326559933,-0.28152687744676064,93.6,-0.1502656749476775,-1.0837094850789277,63.0,73.0,95.88888888888887,0.4929940067322739,0,0,0,0,0,0,0,0,0,0,0,0,0,0,0,0,0,0,0,0,0,0,0,0,1,0,0,0,0,0,0,0,0,0,0,0,1,0
-0.18624937338684075,-0.5512655304931171,-0.20513818100678605,0.0,-0.23733569823745043,-0.5011820200392502,0.9756948609317568,-0.9066509494212707,-0.43669920078629465,-0.852304029840197,-0.8531120213719652,-1.080778920633593,-1.0676681738610216,-0.2038894915044539,0.5521755346554108,0.44710072850234056,83.0,-0.802867517006884,-1.0426236252606393,36.0,65.0,94.0,-0.6966386509247442,0,0,0,0,0,0,0,0,0,0,0,0,0,0,0,0,0,0,0,0,0,0,0,0,0,0,0,1,0,0,0,0,0,0,0,1,0,0
1.180381963619767,-0.5512655304931171,-0.20513818100678605,0.0,-0.23733569823745043,-0.5011820200392502,-0.71510555024812,-0.25470348836834666,0.6659168808370194,-0.852304029840197,-0.5757014689677947,-1.080778920633593,-0.39210580384683075,-0.9321570807307161,-0.5503583105652803,0.44710072850234056,110.0,1.5702300904811395,1.134926945108649,47.0,47.0,107.0,-0.6966386509247442,0,0,1,0,0,0,0,0,0,0,0,0,0,0,0,0,0,0,0,0,0,0,0,0,0,0,0,0,0,0,0,0,0,0,0,0,0,1
-0.8923422308402548,-1.0123399685393057,-0.20513818100678605,0.0,-0.23733569823745043,-0.5011820200392502,-0.71510555024812,0.3972439726845773,-0.9880072415979517,-0.24101142231985004,-0.8531120213719652,-1.0411584480361622,-0.39210580384683075,-0.2038894915044539,-0.6400087925114271,-0.9708888373766572,100.0,-2.1080712011252967,-1.0015377654423507,40.0,40.0,100.0,-0.2802672207447878,0,0,0,0,0,0,0,0,1,0,0,0,0,0,0,0,0,0,0,0,0,0,0,0,0,0,0,0,0,0,0,0,0,0,0,0,1,0
-0.8726020004168259,-0.8520279331570925,-0.20513818100678605,0.0,-0.23733569823745043,2.4529683375160483,-0.71510555024812,1.0491914337375012,-0.43669920078629465,1.592866400241191,1.3661723978613989,-0.6449537220618534,0.2834565661673602,-1.174912943806137,-0.5469752735107086,-0.4133166639039467,100.0,-0.1502656749476775,-0.6728508868960432,56.0,65.0,120.0,0.3740307409665721,0,0,0,0,0,0,0,0,0,0,0,0,0,0,0,0,0,0,0,0,0,0,0,0,0,0,0,0,0,0,0,0,0,1,0,0,1,0
-0.47476043342156904,1.0802286349010886,-0.20513818100678605,0.0,-0.23733569823745043,1.468251551664282,0.13029465534181847,1.0491914337375012,0.11460884002536238,-0.852304029840197,0.5339407406488873,1.2172084900173972,0.2834565661673602,2.2236691392497536,-0.17314967898054914,1.1073347182943545,115.0,-0.20959311513487808,-0.34416400834973554,79.0,89.0,130.0,-0.6966386509247442,0,0,0,0,0,0,0,0,0,0,0,0,0,0,0,0,0,1,0,0,0,0,0,0,0,0,0,0,0,0,0,0,0,0,0,0,1,0
-0.9303042124237716,-1.047807233004397,-0.20513818100678605,0.0,-0.23733569823745043,-0.5011820200392502,0.13029465534181847,-0.25470348836834666,0.11460884002536238,0.981573792720844,0.25653018824471685,-0.8430560850490078,-0.39210580384683075,-1.0535350122684266,-0.6146360146021402,-0.8188236991568271,80.0,0.027716645613924257,-0.23291614176483108,35.0,45.0,111.36363636363636,-0.10182232209623514,0,0,0,0,0,0,0,0,0,0,0,0,1,0,0,0,0,0,0,0,0,0,0,0,0,0,0,0,0,0,0,0,0,0,0,0,1,0
-0.7404943045061873,-0.9754540134956106,-0.20513818100678605,0.0,-0.23733569823745043,-0.5011820200392502,-0.71510555024812,1.7011388947904251,0.11460884002536238,0.37028118520049697,0.5339407406488873,-0.8034356124515769,0.2834565661673602,-1.174912943806137,-0.5638904587835666,-0.5146934227171668,101.0,0.027716645613924257,-0.9193660458057739,41.0,52.0,70.0,0.2550674752008703,0,0,0,0,0,0,0,0,0,0,0,0,0,0,0,0,0,0,0,0,0,0,1,0,0,0,0,0,0,0,0,0,0,0,0,0,1,0
2.1728600101392326,2.1981568108407705,-0.20513818100678605,0.0,-0.23733569823745043,2.4529683375160483,-0.71510555024812,-0.25470348836834666,0.11460884002536238,-1.463596637360544,-0.29829091656362416,3.1189911746940786,0.16238804107521118,0.1602443031086773,3.722417489358625,0.09356713016215369,150.0,1.3922477699195377,3.1481340762047836,116.0,116.0,140.0,-0.6966386509247442,0,0,0,0,0,0,0,0,0,0,0,0,0,0,0,0,0,0,0,0,0,0,0,0,0,0,0,0,1,0,0,0,0,0,0,0,0,1
0.01631576034280532,1.3880844904580822,-0.20513818100678605,0.0,-0.23733569823745043,1.468251551664282,-0.71510555024812,0.3972439726845773,0.11460884002536238,-0.852304029840197,-0.020880364159453674,0.8606242366405193,-1.0676681738610216,3.4374484546268578,-0.2594171238721244,0.25576994426330585,136.69230769230768,1.4515752101067383,0.7240683469257644,81.0,81.0,135.76923076923077,-0.6966386509247442,0,0,0,0,0,0,0,0,0,0,0,0,0,0,0,0,0,0,0,0,0,0,0,0,0,0,0,0,0,1,0,0,0,0,0,1,0,0
-0.5986683413101681,-0.4093964726327514,-0.20513818100678605,0.0,2.2151331835495376,1.468251551664282,-0.71510555024812,0.3972439726845773,-0.9880072415979517,-0.24101142231985004,-0.020880364159453674,1.4945517981994132,0.9590189361815511,-0.6894012176552955,-0.327077864963556,0.29632064778859385,136.0,1.4515752101067383,-0.7139367467143316,92.0,92.0,135.0,1.682626664389292,0,0,0,0,0,0,0,0,0,0,0,0,0,0,0,0,0,0,0,0,0,0,0,0,0,0,0,0,0,0,0,0,0,1,0,0,1,0
0.9410696317172765,2.995460916016026,4.197442780600391,0.0,4.667602065336526,1.468251551664282,0.13029465534181847,0.3972439726845773,0.11460884002536238,-1.463596637360544,0.8113512930530579,0.7813832914456577,-1.0676681738610216,1.6167794815612018,3.6987362299766238,-1.2243307344097074,113.55555555555556,-0.03161079457327633,2.6633209303489798,99.0,99.0,131.33333333333334,-0.6966386509247442,0,0,0,0,0,0,0,0,0,0,0,0,0,0,0,0,0,0,0,0,0,0,0,0,0,0,0,0,0,0,0,1,0,0,0,0,0,1
-0.24243310613044572,-0.4093964726327514,-0.20513818100678605,0.0,-0.23733569823745043,-0.5011820200392502,0.9756948609317568,2.3530863558433492,-0.9880072415979517,1.592866400241191,1.3661723978613989,-0.12988757829525224,0.2834565661673602,0.403000166184098,-0.4082707542732739,-0.1294617392269305,121.0,0.38368128673712776,-0.5085074476228894,59.0,79.0,120.0,0.7071278851105371,0,0,0,0,0,0,0,0,0,0,1,0,0,0,0,0,0,0,0,0,0,0,0,0,0,0,0,0,0,0,0,0,0,0,0,1,0,0
-0.803055650155823,-1.11874176193458,-0.20513818100678605,0.0,-0.23733569823745043,-0.5011820200392502,-0.71510555024812,-0.9066509494212707,1.2172249216486766,0.981573792720844,0.25653018824471685,-0.7638151398541461,0.2834565661673602,-0.2038894915044539,-0.6146360146021402,-0.8188236991568271,101.26666666666668,0.36330438478833227,-0.8251424739558324,33.0,41.0,108.0,-0.10182232209623514,0,0,0,0,0,0,0,0,0,0,0,0,0,0,0,0,0,0,0,0,0,0,0,0,0,0,0,0,0,0,0,0,0,1,0,0,1,0
-0.9151194197903648,-0.9768727040742142,-0.20513818100678605,0.0,-0.23733569823745043,0.483534765812516,0.13029465534181847,1.0491914337375012,-0.43669920078629465,-0.24101142231985004,0.25653018824471685,-0.8826765576464386,-0.39210580384683075,-0.9321570807307161,-0.5892632366928534,-0.6667585609369969,75.0,-0.9808498375684858,-1.18231554864282,38.0,45.0,80.0,0.07662257655231758,0,0,0,0,0,0,0,1,0,0,0,0,0,0,0,0,0,0,0,0,0,0,0,0,0,0,0,0,0,0,0,0,0,0,0,0,1,0
-1.0517825534910257,-0.9059381751440314,-0.20513818100678605,0.0,-0.23733569823745043,-0.5011820200392502,-0.71510555024812,-0.9066509494212707,-0.43669920078629465,-0.24101142231985004,-1.1305225737761357,-0.6845741946592844,0.16238804107521118,0.8885118923349394,-0.5808056440564244,-0.6160701815303868,102.0,-0.1502656749476775,-0.5906791672594662,32.0,32.0,117.0,-0.16130395497908603,0,0,0,0,0,0,0,0,0,1,0,0,0,0,0,0,0,0,0,0,0,0,0,0,0,0,0,0,0,0,0,0,0,0,0,0,1,0
1.182811530441112,0.8262830213310339,-0.20513818100678605,0.0,-0.23733569823745043,-0.5011820200392502,0.13029465534181847,-0.25470348836834666,-0.43669920078629465,-1.463596637360544,-1.1305225737761357,-0.20912852349011396,-0.39210580384683075,-0.2038894915044539,-0.022604530052113856,1.2087114771075746,121.0,1.332920329732337,1.134926945108649,59.0,59.0,123.0,0.6119572724979757,0,0,0,0,0,0,0,0,0,0,0,0,0,0,0,0,0,0,0,0,0,0,0,0,0,0,0,0,0,0,0,0,0,0,1,0,0,1
-0.40916212924525186,-0.9626857982881777,-0.20513818100678605,0.0,-0.23733569823745043,-0.5011820200392502,0.9756948609317568,0.3972439726845773,-0.9880072415979517,0.37028118520049697,-0.020880364159453674,-0.8034356124515769,0.16238804107521118,-1.2962908753438473,-0.648466385147856,-1.0215772167832673,69.0,-1.2181595983172882,-1.1165781729335584,49.0,49.0,85.0,-0.4944010991230511,0,0,0,0,0,0,0,0,0,0,0,0,0,0,1,0,0,0,0,0,0,0,0,0,0,0,0,0,0,0,0,0,0,0,0,0,1,0
0.016619456195473455,1.6519609380783624,4.197442780600391,0.0,-0.23733569823745043,0.483534765812516,1.8210950665216952,-0.25470348836834666,-0.43669920078629465,-0.24101142231985004,0.5339407406488873,1.6530336885891366,-0.39210580384683075,2.2236691392497536,-0.0479773079614007,1.715595271173675,155.0,0.38368128673712776,1.5375683713278758,89.0,89.0,160.0,-0.6966386509247442,0,0,0,0,0,0,0,0,0,0,0,0,0,0,0,0,0,0,0,0,0,0,0,0,0,0,0,0,0,1,0,0,0,0,0,1,0,0
-1.054819512017707,-1.11874176193458,-0.20513818100678605,0.0,-0.23733569823745043,-0.5011820200392502,-0.71510555024812,-0.9066509494212707,0.11460884002536238,-0.24101142231985004,-0.8531120213719652,-1.0015379754387312,0.16238804107521118,-1.2962908753438473,-0.6230936072385692,-0.869512078563437,100.0,0.7396459278603313,-0.34416400834973554,22.0,34.0,90.0,-0.16130395497908603,0,0,0,0,0,0,0,0,0,0,0,0,1,0,0,0,0,0,0,0,0,0,0,0,0,0,0,0,0,0,0,0,0,0,0,0,1,0
-0.14707260839265132,0.5893616947042232,4.197442780600391,0.0,-0.23733569823745043,0.483534765812516,0.13029465534181847,-0.25470348836834666,0.11460884002536238,-0.24101142231985004,0.25653018824471685,0.5040399832636415,-0.39210580384683075,1.2526456869480709,-0.40319619869141654,0.3774220548391699,154.0,0.7396459278603313,-0.2619922887131586,60.0,72.0,150.0,-0.6966386509247442,0,0,0,0,0,0,0,0,0,0,0,0,0,0,0,0,0,0,0,0,1,0,0,0,0,0,0,0,0,0,0,0,0,0,0,1,0,0
-0.7784562860897041,-0.4093964726327514,-0.20513818100678605,0.0,-0.23733569823745043,0.483534765812516,0.13029465534181847,-0.9066509494212707,1.2172249216486766,0.981573792720844,0.8113512930530579,-0.5657127768669917,-0.39210580384683075,0.5243780977218085,-0.487772125055706,-0.05849800805767643,100.0,-0.802867517006884,-0.9193660458057739,55.0,65.0,122.0,0.7309205382636775,0,0,0,0,0,0,0,0,0,0,0,0,0,0,0,0,0,0,0,0,0,0,0,0,1,0,0,0,0,0,0,0,0,0,0,0,1,0
-0.6569779450224501,-0.6931345883534829,-0.20513818100678605,0.0,-0.23733569823745043,-0.5011820200392502,0.13029465534181847,-0.9066509494212707,-0.43669920078629465,1.592866400241191,-0.020880364159453674,-1.1600198658284546,0.16238804107521118,-0.9321570807307161,-0.656923977784285,-1.0722655961898773,100.0,-0.20959311513487808,-1.0837094850789277,43.0,68.0,95.0,-0.45871211939334056,0,0,0,0,0,0,0,0,0,0,0,0,0,0,0,0,0,0,0,0,0,0,0,0,0,0,0,0,0,0,1,0,0,0,0,0,1,0
-0.5051300186883826,0.2290142877388943,-0.20513818100678605,0.0,-0.23733569823745043,-0.5011820200392502,-0.71510555024812,-0.9066509494212707,0.11460884002536238,0.37028118520049697,-0.5757014689677947,0.662521873653365,-1.0676681738610216,-0.8107791491930059,0.38335991649647566,0.448385786008424,120.0,0.08704408580112484,-0.30307814853144704,29.0,49.0,120.0,-0.6966386509247442,0,0,0,0,0,0,0,0,0,1,0,0,0,0,0,0,0,0,0,0,0,0,0,0,0,0,0,0,0,0,0,0,0,0,0,0,1,0
-1.0381162401209596,-1.0619941387904337,-0.20513818100678605,0.0,-0.23733569823745043,-0.5011820200392502,-0.71510555024812,-0.9066509494212707,0.11460884002536238,-0.24101142231985004,-0.8531120213719652,-0.6053332494644226,-0.39210580384683075,-1.0535350122684266,-0.6230936072385692,-0.869512078563437,87.0,0.027716645613924257,-0.9193660458057739,29.0,55.0,104.0,-0.16130395497908603,0,0,0,0,0,0,0,0,0,1,0,0,0,0,0,0,0,0,0,0,0,0,0,0,0,0,0,0,0,0,0,0,0,0,0,0,1,0
0.8390278252207831,0.6404345555339549,-0.20513818100678605,0.0,-0.23733569823745043,-0.5011820200392502,-0.71510555024812,-0.25470348836834666,0.11460884002536238,-0.852304029840197,-0.8531120213719652,-0.4072308864772683,0.16238804107521118,-0.5680232861175851,0.99230658631936,0.44710072850234056,105.66666666666669,-2.1673986413124973,0.7240683469257644,42.0,42.0,118.55555555555556,-0.6966386509247442,0,0,0,0,0,0,0,0,0,0,0,0,0,0,0,1,0,0,0,0,0,0,0,0,0,0,0,0,0,0,0,0,0,0,0,0,0,1
-0.5810539818554163,0.29994881666907713,-0.20513818100678605,0.0,-0.23733569823745043,0.483534765812516,0.13029465534181847,0.3972439726845773,-0.43669920078629465,-0.24101142231985004,-0.020880364159453674,0.7813832914456577,0.9590189361815511,-0.2038894915044539,-0.3609082355092718,0.6207262759908981,107.0,1.4515752101067383,-0.09764884944000479,57.91695652173913,64.16681003584229,128.0,-0.6966386509247442,0,0,0,0,0,0,0,0,0,0,0,0,0,0,0,0,0,1,0,0,0,0,0,0,0,0,0,0,0,0,0,0,0,0,0,0,1,0
-0.5506843965886028,-0.26752741477238573,-0.20513818100678605,0.0,-0.23733569823745043,1.468251551664282,-0.71510555024812,1.0491914337375012,1.7685329624603336,2.204159007761538,2.475814607478081,-0.011026160502959648,1.634581306195742,-0.2038894915044539,-0.41841986543698867,0.3571467030765259,100.0,-0.09093823476047691,-0.9193660458057739,55.0,70.0,100.0,1.2067736013264847,0,0,0,0,0,0,0,0,0,0,0,0,0,0,0,0,0,0,0,0,0,0,0,0,1,0,0,0,0,0,0,0,0,0,0,0,1,0
2.0541149317459917,1.5441404541044845,-0.20513818100678605,0.0,-0.23733569823745043,1.468251551664282,-0.71510555024812,-0.9066509494212707,0.6659168808370194,-0.24101142231985004,-0.020880364159453674,1.7322746337839983,0.2834565661673602,2.2236691392497536,0.2480384343136125,1.0059579594811345,101.0,-0.2689205553220787,0.3953814683794567,77.0,77.0,101.0,-0.10182232209623514,0,0,0,0,0,0,0,0,0,0,0,0,0,0,0,0,0,0,0,1,0,0,0,0,0,0,0,0,0,0,0,0,0,0,0,0,0,1
-0.5810539818554163,0.01621070094834572,-0.20513818100678605,0.0,-0.23733569823745043,-0.5011820200392502,0.13029465534181847,-0.25470348836834666,0.11460884002536238,0.37028118520049697,-0.020880364159453674,-0.05064663310039051,1.634581306195742,1.00988982387265,-0.4742399768374197,-0.007809628651066389,100.0,1.332920329732337,-0.4427700719136278,38.0,69.0,90.0,-0.04234068921338423,0,0,0,0,0,0,0,0,0,0,0,0,0,0,0,0,0,0,0,0,1,0,0,0,0,0,0,0,0,0,0,0,0,0,0,0,1,0
-0.7389758252428466,0.072958324092492,4.197442780600391,0.0,-0.23733569823745043,1.468251551664282,0.9756948609317568,-0.25470348836834666,-0.43669920078629465,0.37028118520049697,0.8113512930530579,0.34555809287391814,0.2834565661673602,1.00988982387265,-0.41672834690970284,0.36728437895784793,90.0,-0.20959311513487808,-0.7961084663509086,79.99,79.99,100.0,1.290047887362476,0,0,0,0,0,0,0,0,0,0,0,0,0,0,0,0,0,0,1,0,0,0,0,0,0,0,0,0,0,0,0,0,0,0,0,0,1,0
-0.7420127837695278,0.030397606734382288,-0.20513818100678605,0.0,-0.23733569823745043,-0.5011820200392502,-0.71510555024812,-0.25470348836834666,0.11460884002536238,-0.24101142231985004,-0.5757014689677947,-0.32798994128240655,-1.0676681738610216,-0.6894012176552955,-0.4894636435829918,-0.2612515256841166,108.36363636363636,0.027716645613924257,-0.6728508868960432,49.0,59.0,120.0,0.5524756396151248,0,0,0,0,0,0,0,0,0,0,0,0,0,0,0,0,0,0,0,0,1,0,0,0,0,0,0,0,0,0,0,0,0,0,0,0,1,0
1.3018603046870212,0.86742504811054,-0.20513818100678605,0.0,-0.23733569823745043,1.468251551664282,0.9756948609317568,0.3972439726845773,1.7685329624603336,0.37028118520049697,1.9209935026697398,0.8606242366405193,-1.0676681738610216,0.5243780977218085,-0.20867156805355072,1.4621533741406247,118.0,2.222831932540346,-0.4427700719136278,84.0,84.0,150.0,0.17179318916487904,0,0,1,0,0,0,0,0,0,0,0,0,0,0,0,0,0,0,0,0,0,0,0,0,0,0,0,0,0,0,0,0,0,0,0,0,0,1
-0.8240106639899243,-0.7640691172836657,-0.20513818100678605,0.0,-0.23733569823745043,-0.5011820200392502,-0.71510555024812,-0.25470348836834666,-0.43669920078629465,-0.852304029840197,-1.1305225737761357,-1.080778920633593,0.16238804107521118,-1.0535350122684266,-0.656923977784285,-1.0722655961898773,108.36363636363636,-0.03161079457327633,-0.25158387089252543,26.0,38.0,112.125,-0.45871211939334056,0,0,0,0,0,0,0,0,0,0,0,0,0,0,0,0,0,0,0,0,1,0,0,0,0,0,0,0,0,0,0,0,0,0,0,0,1,0
1.6222594292519035,0.09423868277154686,-0.20513818100678605,0.0,-0.23733569823745043,-0.5011820200392502,0.13029465534181847,0.3972439726845773,-0.9880072415979517,0.37028118520049697,-0.29829091656362416,0.18707620248419468,0.9590189361815511,-0.8107791491930059,-0.3609082355092718,0.09356713016215369,127.0,0.5616636072987296,0.23103802910630286,47.0,47.0,143.0,-0.6966386509247442,0,0,0,0,0,0,0,0,0,0,0,0,0,0,0,0,0,0,0,1,0,0,0,0,0,0,0,0,0,0,0,0,0,0,0,0,0,1
1.5448169868215291,0.01621070094834572,-0.20513818100678605,0.0,-0.23733569823745043,-0.5011820200392502,-0.71510555024812,-0.25470348836834666,-0.43669920078629465,-0.852304029840197,-1.1305225737761357,-0.5260923042695609,-0.39210580384683075,0.403000166184098,0.1465473226764651,-0.8188236991568271,138.0,-0.09093823476047691,2.7783613378401872,57.91695652173913,64.16681003584229,138.0,0.4929940067322739,0,0,0,0,0,1,0,0,0,0,0,0,0,0,0,0,0,0,0,0,0,0,0,0,0,0,0,0,0,0,0,0,0,0,0,0,0,1
0.5435317605746878,0.06586487119947372,-0.20513818100678605,0.0,-0.23733569823745043,-0.5011820200392502,1.8210950665216952,-0.25470348836834666,-0.43669920078629465,-1.463596637360544,-0.5757014689677947,-0.12988757829525224,0.16238804107521118,-0.9321570807307161,0.6641519920259168,0.44710072850234056,80.0,1.3922477699195377,1.5457855432915335,59.0,59.0,108.0,1.682626664389292,0,0,0,0,0,0,0,0,0,0,0,0,0,0,0,0,0,0,0,0,0,0,0,1,0,0,0,0,0,0,0,0,0,0,0,1,0,0
-0.21661895865365424,-0.4093964726327514,-0.20513818100678605,0.0,-0.23733569823745043,-0.5011820200392502,-0.71510555024812,-0.9066509494212707,-0.43669920078629465,-0.852304029840197,-1.4079331261803063,-1.080778920633593,0.16238804107521118,-0.2038894915044539,-0.6230936072385692,-0.3119399050907266,91.0,0.14637152598832542,-0.9193660458057739,57.91695652173913,64.16681003584229,100.0,-0.6966386509247442,0,0,0,0,0,0,0,0,0,0,0,0,0,0,0,0,0,0,0,0,0,0,0,0,0,0,0,0,0,0,1,0,0,0,0,1,0,0
0.8159469404180049,0.01621070094834572,-0.20513818100678605,0.0,-0.23733569823745043,-0.5011820200392502,-0.71510555024812,-0.9066509494212707,1.2172249216486766,-0.24101142231985004,-0.29829091656362416,0.5436604558610725,-1.0676681738610216,0.1602443031086773,0.5525117692250546,0.44710072850234056,113.6,0.2650264063627266,0.31320974874287977,57.91695652173913,42.0,131.125,-0.6966386509247442,0,0,0,0,0,1,0,0,0,0,0,0,0,0,0,0,0,0,0,0,0,0,0,0,0,0,0,0,0,0,0,0,0,0,0,0,0,1
0.6000191891709609,1.4349012795520029,-0.20513818100678605,0.0,-0.23733569823745043,-0.5011820200392502,-0.71510555024812,-0.25470348836834666,1.7685329624603336,-0.852304029840197,-0.020880364159453674,0.5832809284585033,0.2834565661673602,-0.6894012176552955,2.183135629528556,0.44710072850234056,100.0,1.3922477699195377,1.134926945108649,45.0,59.0,103.0,-0.16130395497908603,0,0,0,0,0,0,0,0,0,0,0,0,0,0,0,0,0,0,0,0,0,0,0,0,0,0,0,0,0,0,0,1,0,0,0,1,0,0
-0.47476043342156904,0.15807975880871142,-0.20513818100678605,0.0,-0.23733569823745043,-0.5011820200392502,-0.71510555024812,-0.25470348836834666,-0.43669920078629465,0.37028118520049697,-0.5757014689677947,0.30593762027648724,0.16238804107521118,0.5243780977218085,-0.4573247915645618,-0.10918638746428647,110.0,1.5702300904811395,-0.30307814853144704,45.0,59.0,107.0,-0.6966386509247442,0,0,0,0,0,0,0,0,0,0,0,0,0,0,0,0,0,1,0,0,0,0,0,0,0,0,0,0,0,0,0,0,0,0,0,0,1,0
-0.24698854392046776,0.86742504811054,-0.20513818100678605,0.0,2.2151331835495376,1.468251551664282,-0.71510555024812,1.0491914337375012,-0.43669920078629465,1.592866400241191,1.3661723978613989,0.662521873653365,2.310143676209933,1.00988982387265,-0.21712916068997967,1.512841753547235,123.0,0.08704408580112484,-0.4674215878046009,85.0,95.0,130.0,-0.03044436263681405,0,0,0,0,0,0,0,0,0,0,0,0,0,0,0,0,0,0,0,0,1,0,0,0,0,0,0,0,0,0,0,0,0,0,0,1,0,0
-0.8668317792161314,-0.7286018528185743,-0.20513818100678605,0.0,-0.23733569823745043,-0.5011820200392502,0.13029465534181847,-0.25470348836834666,0.11460884002536238,-0.24101142231985004,-0.29829091656362416,-0.6449537220618534,-0.39210580384683075,-0.6894012176552955,-0.6061784219657113,-0.768135319750217,100.0,-0.6842126366324828,-0.9604519056240624,38.0,46.0,100.0,-0.04234068921338423,0,0,0,0,0,0,0,0,1,0,0,0,0,0,0,0,0,0,0,0,0,0,0,0,0,0,0,0,0,0,0,0,0,0,0,0,1,0
-0.5203148113217893,0.29994881666907713,-0.20513818100678605,0.0,-0.23733569823745043,1.468251551664282,0.13029465534181847,-0.25470348836834666,-0.43669920078629465,-0.852304029840197,-0.29829091656362416,-0.12988757829525224,0.2834565661673602,1.00988982387265,-0.42856897660070337,0.17466853721272976,129.0,-0.1502656749476775,-0.837194326169197,65.0,76.0,129.0,1.1353956418670637,0,0,0,0,0,0,0,0,0,0,0,0,0,0,0,0,0,0,0,0,1,0,0,0,0,0,0,0,0,0,0,0,0,0,0,0,1,0
-1.0280942769829111,-0.7640691172836657,-0.20513818100678605,0.0,-0.23733569823745043,-0.5011820200392502,-0.71510555024812,-0.25470348836834666,0.6659168808370194,-0.24101142231985004,-0.29829091656362416,-1.1203993932310239,-1.0676681738610216,-1.174912943806137,-0.6230936072385692,-0.869512078563437,100.0,-0.09093823476047691,-1.1658812047155047,57.91695652173913,64.16681003584229,100.0,-0.16130395497908603,0,0,0,0,0,0,0,0,0,0,0,0,0,0,0,0,0,0,0,0,0,0,0,0,1,0,0,0,0,0,0,0,0,0,0,0,1,0
-0.8027519543031549,-0.6931345883534829,-0.20513818100678605,0.0,-0.23733569823745043,-0.5011820200392502,-0.71510555024812,-0.25470348836834666,0.11460884002536238,0.37028118520049697,-0.29829091656362416,-0.2883694686849757,0.16238804107521118,-0.9321570807307161,-0.5300600882378508,-0.3119399050907266,121.0,0.14637152598832542,-0.25158387089252543,57.91695652173913,57.0,121.0,0.4929940067322739,0,0,0,0,0,0,0,0,0,0,0,0,0,0,0,0,0,0,0,0,1,0,0,0,0,0,0,0,0,0,0,0,0,0,0,0,1,0
-0.9303042124237716,-0.9059381751440314,-0.20513818100678605,0.0,-0.23733569823745043,-0.5011820200392502,0.13029465534181847,3.656981277949197,-0.9880072415979517,0.981573792720844,1.3661723978613989,-0.6845741946592844,-0.39210580384683075,-1.174912943806137,-0.5300600882378508,-0.3119399050907266,80.0,-1.2774870385044887,-0.5906791672594662,38.0,48.0,111.36363636363636,0.4929940067322739,0,0,0,0,0,0,0,0,0,0,0,0,1,0,0,0,0,0,0,0,0,0,0,0,0,0,0,0,0,0,0,0,0,0,0,0,1,0
-0.09514061758640024,1.0092941059709057,-0.20513818100678605,0.0,2.2151331835495376,2.4529683375160483,0.13029465534181847,3.005033816896273,1.2172249216486766,1.592866400241191,3.585456817094763,1.9303769967711526,5.012393156266696,2.2236691392497536,0.3156991754050441,3.5403769298116363,135.0,0.44300872692432836,-0.04834581765805864,57.91695652173913,64.16681003584229,135.0,-0.6966386509247442,0,0,0,0,0,0,0,0,0,0,0,0,0,0,0,0,0,0,0,0,0,0,0,0,0,0,0,0,0,1,0,0,0,0,0,1,0,0
2.4413271438978636,0.24603857468213816,-0.20513818100678605,0.0,-0.23733569823745043,-0.5011820200392502,0.13029465534181847,-0.9066509494212707,1.2172249216486766,-0.24101142231985004,-0.020880364159453674,1.0587265996276736,-0.39210580384683075,-0.2038894915044539,0.654002880862202,0.44710072850234056,143.0,1.332920329732337,1.5457855432915335,89.0,89.0,136.0,-0.6966386509247442,0,0,0,1,0,0,0,0,0,0,0,0,0,0,0,0,0,0,0,0,0,0,0,0,0,0,0,0,0,0,0,0,0,0,0,0,0,1
-0.23180375128706102,1.0149688682853204,-0.20513818100678605,0.0,-0.23733569823745043,-0.5011820200392502,0.9756948609317568,-0.9066509494212707,0.6659168808370194,-0.852304029840197,-0.29829091656362416,1.3360699078096896,0.2834565661673602,-0.6894012176552955,-0.19175638278069282,-0.4133166639039467,133.0,-0.2689205553220787,1.134926945108649,69.0,79.0,132.0,-0.10182232209623514,0,0,0,0,0,0,0,0,0,0,0,0,0,0,0,0,0,0,0,0,0,0,0,0,0,0,0,0,0,1,0,0,0,0,0,1,0,0
0.48188150248305633,-0.5370786247070806,-0.20513818100678605,0.0,-0.23733569823745043,-0.5011820200392502,-0.71510555024812,-0.9066509494212707,0.11460884002536238,-0.24101142231985004,-0.8531120213719652,-0.9222970302438696,0.16238804107521118,-1.2962908753438473,-0.3609082355092718,0.44710072850234056,117.0,-2.2860535216868985,-0.3605983522770509,57.91695652173913,64.16681003584229,125.0,0.4929940067322739,0,0,0,0,0,0,0,0,0,0,0,0,0,0,0,0,0,0,0,0,0,0,0,1,0,0,0,0,0,0,0,0,0,0,0,1,0,0
-0.9239265995177408,-1.0619941387904337,-0.20513818100678605,0.0,-0.23733569823745043,-0.5011820200392502,0.9756948609317568,3.656981277949197,0.11460884002536238,1.592866400241191,2.475814607478081,-1.0411584480361622,-0.39210580384683075,-1.0535350122684266,-0.5554328661471376,-0.46400504331055675,92.0,-0.09093823476047691,-0.9111488738421162,44.0,44.0,110.0,0.3145491080837212,0,0,0,0,0,0,0,0,0,0,0,0,0,0,0,0,0,0,0,0,0,0,1,0,0,0,0,0,0,0,0,0,0,0,0,0,1,0
-0.5279072076384926,-0.5512655304931171,-0.20513818100678605,0.0,-0.23733569823745043,-0.5011820200392502,-0.71510555024812,0.3972439726845773,1.7685329624603336,-0.852304029840197,0.25653018824471685,-0.8430560850490078,3.6612684162383142,0.32195705497276533,-0.6061784219657113,-0.768135319750217,76.0,0.8583008082347324,-0.9193660458057739,50.0,65.0,95.0,-0.04234068921338423,0,0,0,0,0,0,0,0,0,0,0,0,0,0,0,0,0,0,0,0,0,0,0,0,1,0,0,0,0,0,0,0,0,0,0,0,1,0
-0.5051300186883826,0.37088334559926,-0.20513818100678605,0.0,2.2151331835495376,0.483534765812516,-0.71510555024812,-0.25470348836834666,-0.9880072415979517,0.37028118520049697,-0.29829091656362416,0.7813832914456577,0.2834565661673602,-0.5680232861175851,-0.2763323091449823,0.7018276830414741,123.13333333333334,-0.20959311513487808,-0.5085074476228894,74.0,84.0,140.0,-0.6966386509247442,0,0,0,0,0,0,0,0,0,0,0,0,0,0,0,0,0,1,0,0,0,0,0,0,0,0,0,0,0,0,0,0,0,0,0,0,1,0
-0.08299278347967484,2.3003025325002335,-0.20513818100678605,0.0,-0.23733569823745043,-0.5011820200392502,-0.71510555024812,-0.9066509494212707,2.319841003271991,-0.24101142231985004,0.25653018824471685,1.6134132159917058,2.310143676209933,2.2236691392497536,0.99230658631936,0.6207262759908981,136.0,0.3243538465499272,0.970583505835495,79.0,79.0,135.0,-0.6966386509247442,0,0,0,0,0,0,0,0,0,0,0,0,0,0,0,0,0,0,0,0,0,0,0,0,0,0,0,0,0,1,0,0,0,0,0,1,0,0
-0.6190159634389332,-0.33846194370256855,-0.20513818100678605,0.0,-0.23733569823745043,-0.5011820200392502,-0.71510555024812,-0.9066509494212707,0.6659168808370194,-0.24101142231985004,-0.5757014689677947,-0.5657127768669917,-1.0676681738610216,-0.2038894915044539,-0.3609082355092718,-0.33221525685337067,111.83333333333331,-2.2860535216868985,-0.6481993710050701,25.0,49.0,117.42857142857143,0.4929940067322739,0,0,0,0,0,0,0,0,0,0,0,1,0,0,0,0,0,0,0,0,0,0,0,0,0,0,0,0,0,0,0,0,0,0,0,0,1,0
0.05154447925230898,2.286115626714197,-0.20513818100678605,0.0,-0.23733569823745043,4.42240190921958,3.5118954777015716,0.3972439726845773,-0.43669920078629465,0.37028118520049697,2.475814607478081,2.920888811706924,0.9590189361815511,2.2236691392497536,0.2835603233866141,2.790188914593808,150.0,0.20569896617552602,0.7240683469257644,119.0,119.0,156.0,-0.6966386509247442,0,0,0,0,0,0,0,0,0,0,0,0,0,0,0,0,0,0,0,0,0,0,0,0,0,0,0,0,0,1,0,0,0,0,0,1,0,0
1.0376449128657435,0.8390512365384668,-0.20513818100678605,0.0,-0.23733569823745043,-0.5011820200392502,-0.71510555024812,-0.9066509494212707,1.7685329624603336,-0.852304029840197,-0.29829091656362416,2.8812683391094933,2.310143676209933,2.2236691392497536,2.0072177026908338,0.19494388897537376,94.0,1.214265449357936,0.14886630946972595,48.0,48.0,100.0,0.4929940067322739,0,0,0,0,0,0,0,0,0,0,0,0,0,0,0,1,0,0,0,0,0,0,0,0,0,0,0,0,0,0,0,0,0,0,0,0,0,1
